customer_id,NotChurnedProbability,ChurnedProbability,predictions
7143-BQIBA,0.6864563103219081,0.3135436896780918,0
5081-NWSUP,0.6790238926676864,0.32097610733231363,0
3392-EHMNK,0.9276102488627076,0.07238975113729242,0
3629-ZNKXA,0.31548814455700636,0.6845118554429936,1
7691-XVTZH,0.934322448634978,0.06567755136502196,0
4415-IJZTP,0.2255580622735397,0.7744419377264603,1
2188-SXWVT,0.8905337755039938,0.10946622449600617,0
8785-EPNCG,0.8929215022340353,0.10707849776596463,0
7766-CLTIC,0.6900680103644787,0.3099319896355212,0
7235-NXZCP,0.3773301171074168,0.6226698828925832,1
4310-KEDTB,0.8824950976808219,0.11750490231917808,0
8498-XXGWA,0.9751187783291916,0.024881221670808383,0
8564-LDKFL,0.7360218967110108,0.26397810328898924,0
9494-MRNYX,0.3135303258041968,0.6864696741958032,1
0980-FEXWF,0.8519749903008489,0.14802500969915114,0
4819-HJPIW,0.8416083668277993,0.15839163317220076,0
6956-SMUCM,0.31803242460771153,0.6819675753922885,1
1849-RJYIG,0.5061890335375987,0.49381096646240125,0
7688-AWMDX,0.9816848770650278,0.01831512293497219,0
0122-OAHPZ,0.28486259649877343,0.7151374035012266,1
8046-DNVTL,0.9765786609502891,0.02342133904971086,0
8651-ENBZX,0.794876547731056,0.20512345226894405,0
4806-DXQCE,0.8536246996130203,0.14637530038697968,0
1337-BOZWO,0.8014024333648934,0.19859756663510666,0
8092-NLTGF,0.9945017109180199,0.005498289081980107,0
3067-SVMTC,0.978354503313557,0.021645496686443003,0
5389-FFVKB,0.7215044158881307,0.27849558411186925,0
8690-ZVLCL,0.9675610635752167,0.03243893642478335,0
5996-NRVXR,0.7552925175372176,0.24470748246278243,0
6038-GCYEC,0.8319359625129048,0.16806403748709514,0
5622-UEJFI,0.9647880955463585,0.03521190445364152,0
3896-RCYYE,0.9779612219389189,0.022038778061081107,0
6968-MHOMU,0.9690641531895062,0.030935846810493803,0
2027-DNKIV,0.9002483796986487,0.09975162030135126,0
7402-PWYJJ,0.7669919551507922,0.23300804484920773,0
8049-WJCLQ,0.6921412228194064,0.3078587771805937,0
7055-JCGNI,0.9221376275167938,0.07786237248320621,0
6728-DKUCO,0.8795198684694869,0.12048013153051311,0
9194-GFVOI,0.8930612934685193,0.10693870653148072,0
7693-QPEFS,0.8872257936863707,0.11277420631362932,0
8232-CTLKO,0.9513504840110343,0.048649515988965775,0
4585-HETAI,0.25511542415019073,0.7448845758498093,1
5774-QPLTF,0.984289907520033,0.015710092479967,0
8099-MZPUJ,0.7951954261568395,0.2048045738431606,0
2050-ONYDQ,0.9920465020066124,0.00795349799338758,0
5424-RLQLC,0.69365667345138,0.30634332654861995,0
7594-RQHXR,0.21423170175553607,0.7857682982444639,1
7666-WKRON,0.6499987506021425,0.35000124939785754,0
4933-IKULF,0.9211437145740342,0.07885628542596579,0
1991-VOPLL,0.8881980988289447,0.11180190117105526,0
0928-XUTSN,0.33139189459393803,0.668608105406062,1
2203-GHNWN,0.635089115630306,0.36491088436969404,0
0616-ATFGB,0.5304264148336664,0.46957358516633363,0
2616-FLVQC,0.9923007065060501,0.007699293493949883,0
5955-ERIHD,0.34708698678990657,0.6529130132100934,1
0334-ZFJSR,0.9534474825234358,0.04655251747656423,0
6619-RPLQZ,0.9797122614362899,0.02028773856371015,0
0945-TSONX,0.9140404959025676,0.08595950409743236,0
7964-ZRKKG,0.9324126677307129,0.0675873322692871,0
6258-NGCNG,0.8713876382138828,0.12861236178611726,0
6778-YSNIH,0.43365001102006506,0.5663499889799349,1
3737-XBQDD,0.6193472471013449,0.3806527528986551,0
4548-SDBKE,0.23703641680674348,0.7629635831932565,1
5394-MEITZ,0.9562697168424711,0.04373028315752894,0
1353-LJWEM,0.5412668691667384,0.45873313083326167,0
1450-GALXR,0.2521242846978581,0.7478757153021419,1
1855-AGAWH,0.5099803691474886,0.49001963085251143,0
3005-TYFRD,0.860268869327083,0.13973113067291698,0
4959-JOSRX,0.6470069904598553,0.3529930095401447,0
8035-PWSEV,0.23673589952515117,0.7632641004748488,1
2541-YGPKE,0.9160455353385338,0.08395446466146614,0
0810-DHDBD,0.9407114480645995,0.0592885519354005,0
1485-YDHMM,0.8581308944955426,0.14186910550445747,0
3727-OWVYD,0.8876244853150925,0.1123755146849075,0
9720-JJJOR,0.9155246279195269,0.08447537208047302,0
2511-MORQY,0.9483376599855312,0.051662340014468795,0
0436-TWFFZ,0.9670815047030773,0.032918495296922666,0
8988-ECPJR,0.7431795837397703,0.2568204162602296,0
7336-RLLRH,0.8031371981817218,0.19686280181827817,0
6005-OBZPH,0.46163506837302526,0.5383649316269747,1
3413-CSSTH,0.920018732166805,0.07998126783319504,0
5716-LIBJC,0.4202581154914439,0.5797418845085561,1
1550-EENBN,0.47584812106754426,0.5241518789324557,1
5847-MXBEO,0.937988721005235,0.062011278994765,0
7601-GNDYK,0.9672523158328978,0.03274768416710219,0
6407-UTSLV,0.3505124246268895,0.6494875753731105,1
4325-NFSKC,0.3709838477360945,0.6290161522639055,1
2982-VPSGI,0.27323616669147266,0.7267638333085273,1
6185-TASNN,0.4617485953877024,0.5382514046122976,1
0396-HUJBP,0.8473244127050789,0.15267558729492114,0
9415-ZNBSX,0.9702299581675675,0.029770041832432467,0
9962-BFPDU,0.8393334041790428,0.16066659582095724,0
7851-WZEKY,0.18997431096030193,0.8100256890396981,1
7016-BPGEU,0.9028651264748019,0.0971348735251981,0
7639-LIAYI,0.9364199786371239,0.06358002136287616,0
6778-EICRF,0.7911742826063293,0.2088257173936707,0
5502-RLUYV,0.862728667395707,0.13727133260429303,0
0619-OLYUR,0.9291667253223526,0.0708332746776475,0
5951-AOFIH,0.869643333395921,0.13035666660407894,0
8065-QBYTO,0.9359442228809893,0.06405577711901071,0
0899-LIIBW,0.5252231352965768,0.4747768647034232,0
1074-WVEVG,0.9899952293551803,0.010004770644819758,0
1561-BWHIN,0.9289423860409616,0.07105761395903837,0
5685-IIXLY,0.24080366602204073,0.7591963339779593,1
6439-LAJXL,0.6561236231096115,0.34387637689038847,0
0817-HSUSE,0.3701882531835534,0.6298117468164466,1
5716-EZXZN,0.9156678325691132,0.08433216743088677,0
3724-UCSHY,0.8714288234526539,0.12857117654734604,0
7572-KPVKK,0.8147817047431477,0.18521829525685227,0
9323-HGFWY,0.6030865112328776,0.39691348876712235,0
5630-AHZIL,0.5984493944036517,0.4015506055963483,0
5364-EVNIB,0.33340330817027275,0.6665966918297273,1
2277-BKJKN,0.8809238111912344,0.11907618880876561,0
0613-WUXUM,0.9943369320093597,0.005663067990640268,0
5399-ZIMKF,0.2626216005760691,0.7373783994239309,1
6437-UDQJM,0.9746435758002745,0.025356424199725454,0
2761-OCIAX,0.2340871818630934,0.7659128181369066,1
6394-MFYNG,0.8043183856874793,0.1956816143125207,0
2276-YDAVZ,0.38856382414500323,0.6114361758549968,1
8687-BAFGU,0.22669102761209414,0.7733089723879059,1
6181-AXXYF,0.9945017109180199,0.005498289081980107,0
2796-NNUFI,0.9809167428558278,0.019083257144172253,0
8318-LCNBW,0.8976094199848552,0.10239058001514482,0
9191-MYQKX,0.4376068746918086,0.5623931253081914,1
0303-UNCIP,0.9106972312877686,0.08930276871223147,0
7801-KICAO,0.4095632358827421,0.5904367641172579,1
4140-MUHUG,0.21552763665725017,0.7844723633427498,1
9940-HPQPG,0.40992642266081014,0.5900735773391899,1
0612-RTZZA,0.529781323304795,0.470218676695205,0
7636-OWBPG,0.7877103210434596,0.2122896789565404,0
2205-YMZZJ,0.25687841420842383,0.7431215857915762,1
4903-UYAVB,0.8659322247516414,0.13406777524835858,0
4833-QTJNO,0.9360323068129637,0.06396769318703627,0
2320-JRSDE,0.7248798377034715,0.27512016229652847,0
7255-SSFBC,0.928867862178229,0.07113213782177097,0
9661-JALZV,0.9888767349265803,0.011123265073419666,0
1785-BPHTP,0.4989271780591089,0.5010728219408911,1
3162-KKZXO,0.7643043285017574,0.2356956714982426,0
2636-OHFMN,0.492475670722644,0.507524329277356,1
4039-PIMHX,0.9490801375092981,0.05091986249070187,0
6990-YNRIO,0.9055594241220634,0.09444057587793664,0
3063-QFSZL,0.4326274965890452,0.5673725034109548,1
1222-LRYKO,0.861236713808218,0.13876328619178196,0
4116-IQRFR,0.8523527415359153,0.14764725846408472,0
4291-HPAXL,0.8396823330685206,0.1603176669314794,0
6507-ZJSUR,0.4199604682783229,0.5800395317216771,1
3196-NVXLZ,0.6319975319308073,0.36800246806919273,0
3186-AJIEK,0.9129507996041978,0.08704920039580226,0
8313-AFGBW,0.8616518777005449,0.13834812229945517,0
4134-BSXLX,0.8475000462017418,0.15249995379825823,0
4024-CSNBY,0.9428110467156863,0.05718895328431376,0
4910-AQFFX,0.449249177239219,0.550750822760781,1
1024-VRZHF,0.3248456951203271,0.6751543048796729,1
9050-IKDZA,0.3573222542047837,0.6426777457952163,1
4849-PYRLQ,0.9515265891393881,0.04847341086061189,0
7502-BNYGS,0.9257377723156885,0.0742622276843115,0
2931-FSOHN,0.5695346522927938,0.43046534770720624,0
4615-PIVVU,0.9132147943914022,0.08678520560859783,0
9762-YAQAA,0.7846804534380001,0.21531954656199995,0
7598-UAASY,0.23016360394778057,0.7698363960522194,1
2592-HODOV,0.9065609966833469,0.09343900331665307,0
0946-CLJTI,0.7937272610145615,0.2062727389854385,0
1852-XEMDW,0.7952242333371761,0.2047757666628239,0
7346-MEDWM,0.8317917418214924,0.16820825817850765,0
4006-HKYHO,0.9592365543761614,0.040763445623838636,0
2011-TRQYE,0.8266576189641319,0.17334238103586802,0
5986-WWXDV,0.9731947056731468,0.02680529432685321,0
5339-TJFEK,0.8119314525638934,0.18806854743610663,0
9975-GPKZU,0.9809651603608511,0.01903483963914884,0
6922-NCEDI,0.9882408096492891,0.011759190350710888,0
5440-VHLUL,0.9247269107413671,0.07527308925863284,0
1212-GLHMD,0.35545587054520367,0.6445441294547963,1
3211-ILJTT,0.5789409881442403,0.42105901185575967,0
1731-TVIUK,0.20961437570279162,0.7903856242972084,1
7853-WNZSY,0.839856567474677,0.1601434325253231,0
3315-TOTBP,0.536026019160692,0.463973980839308,0
8745-PVESG,0.9690557611135524,0.030944238886447564,0
3729-OWRVL,0.8252237795330725,0.17477622046692753,0
2040-XBAVJ,0.9269624897042754,0.07303751029572458,0
0512-FLFDW,0.892084664335084,0.10791533566491594,0
9239-GZHZE,0.9276607320637404,0.07233926793625951,0
3755-JBMNH,0.5620581493740535,0.4379418506259465,0
6481-LXPWL,0.9694717564125775,0.030528243587422454,0
0314-TKOSI,0.6620447647121765,0.3379552352878235,0
7795-CFOCW,0.9437064681266926,0.056293531873307476,0
0455-XFASS,0.25580104192636977,0.7441989580736302,1
1153-GNOLC,0.8270538227228772,0.1729461772771228,0
6595-YGXIT,0.449682821067524,0.550317178932476,1
6427-FEFIG,0.7829282186297178,0.21707178137028216,0
3528-HFRIQ,0.9821901027029585,0.017809897297041556,0
7112-OPOTK,0.6159346375427559,0.3840653624572441,0
6874-SGLHU,0.6534256997336774,0.3465743002663227,0
9143-CANJF,0.7109578496631956,0.2890421503368044,0
3133-PZNSR,0.9403178195400755,0.05968218045992441,0
5947-SGKCL,0.4413482092895027,0.5586517907104973,1
3569-EDBPQ,0.45185758901394535,0.5481424109860547,1
6410-LEFEN,0.5665592995781308,0.43344070042186916,0
4000-VGMQP,0.8796587220852445,0.12034127791475548,0
0684-AOSIH,0.18257249488125216,0.8174275051187478,1
6434-TTGJP,0.7097800120879976,0.29021998791200243,0
4138-NAXED,0.8707598758213408,0.1292401241786592,0
2873-ZLIWT,0.6485881959228219,0.3514118040771781,0
6784-XYJAE,0.8177213657743585,0.18227863422564144,0
7005-CCBKV,0.24827055249473906,0.7517294475052609,1
0916-QOFDP,0.2995938731549267,0.7004061268450733,1
1373-ORVIZ,0.5237004794178441,0.4762995205821559,0
2361-FJWNO,0.9338204244613415,0.06617957553865846,0
8659-HDIYE,0.9665979309260073,0.033402069073992686,0
9488-HGMJH,0.2332255467354073,0.7667744532645927,1
8104-OSKWT,0.3222147136141701,0.6777852863858299,1
8510-AWCXC,0.27592687409388916,0.7240731259061108,1
6746-WAUWT,0.9290278113873113,0.07097218861268872,0
9512-UIBFX,0.5121789835166096,0.4878210164833904,0
9135-MGVPY,0.9703711519230424,0.029628848076957655,0
6166-YIPFO,0.9613512304983126,0.038648769501687386,0
6166-ILMNY,0.39296704803276405,0.607032951967236,1
1106-HRLKZ,0.974407435441597,0.025592564558402926,0
3148-AOIQT,0.9935862374620451,0.006413762537954942,0
7295-JOMMD,0.33172470751775907,0.6682752924822409,1
8818-DOPVL,0.6600964229298607,0.33990357707013935,0
8739-XNIKG,0.23985803409577022,0.7601419659042298,1
2338-BQEZT,0.9615877430460831,0.038412256953916916,0
8818-XYFCQ,0.6687800215750249,0.3312199784249751,0
2054-PJOCK,0.9562967833965698,0.043703216603430274,0
0017-IUDMW,0.9248753570428178,0.07512464295718221,0
5849-ASHZJ,0.9513652311178414,0.04863476888215852,0
3144-KMTWZ,0.9407367409582186,0.05926325904178146,0
1142-IHLOO,0.8609113091785847,0.13908869082141534,0
6463-HHXJR,0.9352811821600554,0.06471881783994458,0
7080-TNUWP,0.93650735744241,0.06349264255759006,0
2640-PMGFL,0.5054932265020453,0.49450677349795463,0
3096-IZETN,0.4912062802630819,0.5087937197369181,1
0680-DFNNY,0.2958620626032905,0.7041379373967095,1
4636-JGAAI,0.7196617722297887,0.2803382277702114,0
5249-QYHEX,0.9726735668754634,0.027326433124536625,0
9537-JALFH,0.9939897830205401,0.0060102169794599095,0
3583-EKAPL,0.43389930461434256,0.5661006953856574,1
3272-VUHPV,0.6811558806178497,0.31884411938215035,0
7188-CBBBA,0.8512498256689593,0.1487501743310406,0
0257-KXZGU,0.86968499367519,0.13031500632480997,0
5442-BXVND,0.9617221853575431,0.03827781464245692,0
5044-LRQAQ,0.456650367264396,0.543349632735604,1
0096-FCPUF,0.8544665294528134,0.14553347054718657,0
9223-UCPVT,0.1837348386437041,0.8162651613562959,1
4324-BZCKL,0.7048207338317218,0.2951792661682782,0
3146-MSEGF,0.9733483786372417,0.02665162136275832,0
9968-FFVVH,0.9673948025080022,0.032605197491997716,0
3422-LYEPQ,0.23357307371926805,0.766426926280732,1
8559-WNQZS,0.8386337045254775,0.16136629547452253,0
2469-DTSGX,0.8688439288656542,0.13115607113434574,0
4334-HOWRP,0.9801014396996373,0.019898560300362723,0
0218-QNVAS,0.9352419814681934,0.06475801853180668,0
3096-WPXBT,0.8966370342685934,0.10336296573140662,0
5816-JMLGY,0.9732833937086973,0.026716606291302725,0
1602-IJQQE,0.2511983575801574,0.7488016424198426,1
1163-ONYEY,0.900116279153284,0.09988372084671601,0
0318-QUUOB,0.21216821854959222,0.7878317814504078,1
2207-RYYRL,0.9850029704661998,0.014997029533800183,0
5924-SNGKP,0.9754429110856945,0.0245570889143055,0
3806-DXQOM,0.540619560073057,0.45938043992694294,0
9995-HOTOH,0.9443077931687799,0.055692206831220156,0
2202-OUTMO,0.8829280146686321,0.11707198533136787,0
1183-CANVH,0.8134947327038804,0.18650526729611966,0
9518-XXBXE,0.312834008763584,0.687165991236416,1
4223-BKEOR,0.7872650947294517,0.21273490527054822,0
2325-WINES,0.6557480800920488,0.3442519199079512,0
6174-NRBTZ,0.9534506197392911,0.04654938026070882,0
6752-APNJL,0.9247647984608657,0.0752352015391343,0
4342-HFXWS,0.9319337042487013,0.06806629575129872,0
4043-MKDTV,0.8724578611436786,0.12754213885632135,0
5176-OLSKT,0.9725372532855117,0.027462746714488343,0
5751-USDBL,0.9144246805523749,0.08557531944762509,0
3703-TTEPD,0.7861787559631637,0.21382124403683636,0
1131-QQZEB,0.9942762093798747,0.005723790620125247,0
6425-YQLLO,0.9126415859475281,0.08735841405247186,0
2931-VUVJN,0.8113081257117201,0.18869187428827988,0
1110-KYLGQ,0.8969884058069127,0.10301159419308727,0
7734-DBOAI,0.48175241117794554,0.5182475888220545,1
2476-YGEFM,0.7016726680202592,0.29832733197974076,0
5275-SQEIZ,0.347653678397304,0.652346321602696,1
9788-HNGUT,0.9247402917206414,0.0752597082793586,0
2330-PQGDQ,0.8660247122269171,0.13397528777308282,0
3208-YPIOE,0.6651583340447708,0.33484166595522924,0
6585-WCEWR,0.9897315580271722,0.010268441972827787,0
7989-CHGTL,0.8401176316939247,0.15988236830607527,0
1357-BIJKI,0.7205369755080987,0.2794630244919013,0
5565-FILXA,0.3203411614681986,0.6796588385318014,1
9601-BRXPO,0.5688813012271523,0.43111869877284764,0
6341-AEVKX,0.8142926740502248,0.18570732594977526,0
3420-YJLQT,0.22301599456495558,0.7769840054350444,1
9620-ENEJV,0.439769910889666,0.560230089110334,1
1998-VHJHK,0.9519016225609325,0.048098377439067565,0
7576-JMYWV,0.6431972889526341,0.3568027110473659,0
5032-USPKF,0.8724187550267823,0.12758124497321766,0
4971-PUYQO,0.6256302928615749,0.37436970713842505,0
7880-XSOJX,0.6761109896359008,0.3238890103640993,0
4760-XOHVN,0.84037835121469,0.15962164878531004,0
2369-FEVNO,0.839595158366324,0.16040484163367597,0
9786-IJYDL,0.6633506909477901,0.3366493090522099,0
4836-WNFNO,0.994483981394289,0.005516018605711099,0
1240-KNSEZ,0.8392460760663825,0.1607539239336175,0
4565-EVZMJ,0.9373707310231852,0.06262926897681474,0
8624-GIOUT,0.9424809706895765,0.05751902931042357,0
6645-MXQJT,0.1861191061883981,0.8138808938116019,1
2243-FNMMI,0.9325486875222342,0.06745131247776583,0
5879-HMFFH,0.9733483786372417,0.02665162136275832,0
3324-OIRTO,0.9319513552392689,0.0680486447607311,0
1273-MTETI,0.21976443887014196,0.780235561129858,1
0201-OAMXR,0.918724083078627,0.08127591692137301,0
8468-EHYJA,0.7832078741226342,0.21679212587736585,0
5135-GRQJV,0.926918644031226,0.07308135596877398,0
8313-KTIHG,0.45135524979220365,0.5486447502077964,1
1775-KWJKQ,0.9727370268290658,0.027262973170934155,0
5590-YRFJT,0.7492182853140372,0.25078171468596283,0
8775-ERLNB,0.22601076625194527,0.7739892337480547,1
5906-CVLHP,0.9349777121740371,0.06502228782596288,0
9369-XFEHK,0.730828828461809,0.26917117153819103,0
2157-MXBJS,0.6828635030557939,0.3171364969442061,0
8639-NHQEI,0.941648096830211,0.05835190316978894,0
2887-JPYLU,0.9294691670912646,0.07053083290873541,0
4936-YPJNK,0.8920871512823324,0.10791284871766763,0
9348-YVOMK,0.669268686766918,0.33073131323308197,0
5138-WVKYJ,0.2520022248093027,0.7479977751906973,1
7044-YAACC,0.2639487002654818,0.7360512997345182,1
2831-EBWRN,0.5010536620998594,0.49894633790014065,0
7163-OCEQI,0.7650566172631419,0.23494338273685814,0
7445-WMRBW,0.9284448240572895,0.07155517594271055,0
7054-LGEQW,0.631265089634357,0.36873491036564293,0
7774-OJSXI,0.4787555821838845,0.5212444178161155,1
2792-VPPET,0.7431849748199642,0.2568150251800358,0
1614-JBEBI,0.8808307410124824,0.11916925898751762,0
8329-UTMVM,0.5945321453388535,0.4054678546611465,0
5832-TRLPB,0.82903407067867,0.17096592932133003,0
5049-GLYVG,0.8383706834377433,0.1616293165622567,0
7501-VTYLJ,0.6261920345631186,0.37380796543688144,0
7225-IILWY,0.9931846261902417,0.00681537380975822,0
4983-CCWMC,0.4056120898519472,0.5943879101480528,1
6016-LVTJQ,0.9651506872806472,0.034849312719352744,0
0489-WMEMG,0.7156669230081537,0.2843330769918463,0
1271-UODNO,0.9141188783159524,0.0858811216840476,0
0742-MOABM,0.6540519699042626,0.34594803009573744,0
8015-IHCGW,0.8630578022085513,0.1369421977914487,0
4021-RQSNY,0.46941506912931963,0.5305849308706804,1
9133-AYJZG,0.5638145672341582,0.43618543276584176,0
8597-CTXVJ,0.9780211030465301,0.021978896953469836,0
1213-NGCUN,0.6777908672454204,0.32220913275457963,0
8565-HBFNN,0.9229043135805993,0.07709568641940072,0
6223-DHJGV,0.9765118687747573,0.023488131225242716,0
3511-BFTJW,0.9857900880743159,0.014209911925684063,0
9372-TXXPS,0.9662253369765659,0.03377466302343417,0
5419-CONWX,0.3268630150740244,0.6731369849259756,1
7432-FFVAR,0.8212667287596789,0.17873327124032115,0
7245-JMTTQ,0.6955795601744679,0.30442043982553213,0
6546-OPBBH,0.9843541750973641,0.0156458249026359,0
9796-BPKIW,0.46685705978244585,0.5331429402175542,1
1338-CECEE,0.9069421482349749,0.09305785176502515,0
5220-AGAAX,0.993336310710284,0.006663689289715968,0
9932-WBWIK,0.8963390291600581,0.10366097083994182,0
0980-PVMRC,0.8542339314388826,0.14576606856111737,0
5712-VBOXD,0.8586742430825799,0.14132575691742008,0
6248-TKCQV,0.9732159701682269,0.026784029831773106,0
7632-YUTXB,0.9464447692402479,0.05355523075975206,0
8344-WFMFH,0.5507571455316851,0.44924285446831486,0
6242-SGYTS,0.9076807418115038,0.09231925818849618,0
9929-PLVPA,0.8582809443944399,0.14171905560556008,0
9603-OAIHC,0.2357824307295613,0.7642175692704387,1
3345-PBBFH,0.6998309640135407,0.3001690359864593,0
3097-NNSPB,0.6337380272026558,0.36626197279734424,0
5299-RULOA,0.2478755495852072,0.7521244504147928,1
7909-FIOIY,0.8487600488976131,0.1512399511023869,0
6614-YWYSC,0.9903965832338547,0.009603416766145258,0
3978-YNKDD,0.9280396708586269,0.07196032914137311,0
9728-FTTVZ,0.23777143795108868,0.7622285620489113,1
2314-TNDJQ,0.9823191177749091,0.01768088222509086,0
6650-VJONK,0.6375717552323328,0.3624282447676672,0
4396-KLSEH,0.7543197947234789,0.24568020527652112,0
5642-MHDQT,0.9865658729917348,0.013434127008265193,0
8943-URTMR,0.36284200773229625,0.6371579922677038,1
8165-ZJRNM,0.9945720640817187,0.0054279359182813096,0
4592-IWTJI,0.7004886066275358,0.2995113933724643,0
7608-RGIRO,0.9909377642608932,0.009062235739106786,0
3787-TRIAL,0.7548242331586557,0.24517576684134432,0
2408-WITXK,0.6115712056554891,0.38842879434451094,0
3351-NGXYI,0.624195835371911,0.3758041646280889,0
0191-EQUUH,0.8696096767198995,0.13039032328010047,0
9489-JMTTN,0.9727713455741087,0.027228654425891275,0
3429-IFLEM,0.9755331218937139,0.024466878106286134,0
7508-DQAKK,0.9613211913493873,0.038678808650612656,0
0596-BQCEQ,0.8222819937487393,0.17771800625126064,0
3323-CPBWR,0.5695378263129485,0.4304621736870515,0
4274-OWWYO,0.22589752997946244,0.7741024700205376,1
3023-GFLBR,0.7164593653583917,0.2835406346416082,0
3545-CNWRG,0.7099315771297774,0.2900684228702226,0
4256-ZWTZI,0.662706117145897,0.33729388285410306,0
7730-CLDSV,0.9396604345831724,0.0603395654168276,0
5981-ZVXOT,0.5136572461866653,0.4863427538133347,0
6695-FRVEC,0.9759206129539042,0.024079387046095815,0
1755-RMCXH,0.8456417409824372,0.1543582590175628,0
6424-ELEYH,0.38964110451708855,0.6103588954829114,1
0744-GKNGE,0.9236307780183641,0.0763692219816359,0
4695-WJZUE,0.2034750251635088,0.7965249748364912,1
2026-TGDHM,0.27070699255430586,0.7292930074456941,1
9898-KZQDZ,0.7638054252929521,0.23619457470704786,0
6030-REHUX,0.41746462911524396,0.582535370884756,1
4007-NHVHI,0.7807317321549115,0.2192682678450885,0
3489-HHPFY,0.21308220774985287,0.7869177922501471,1
4913-EHYUI,0.8649061298014904,0.13509387019850957,0
5315-CKEQK,0.7607686883707429,0.23923131162925718,0
1085-LDWAM,0.9939548718980372,0.006045128101962797,0
0670-ANMUU,0.9374794306712686,0.06252056932873136,0
6060-DRTNL,0.38271424296000356,0.6172857570399964,1
9314-IJWSQ,0.33030717947635013,0.6696928205236499,1
0123-CRBRT,0.9542905656306688,0.045709434369331226,0
8465-SBRXP,0.7441335444378665,0.25586645556213355,0
5208-FVQKB,0.9771703790577021,0.02282962094229792,0
9953-ZMKSM,0.9912880500785379,0.008711949921462046,0
8229-TNIQA,0.6678340264775229,0.3321659735224771,0
4776-XSKYQ,0.7857549905741645,0.21424500942583544,0
4227-OJHAL,0.9731337495481114,0.026866250451888583,0
6127-IYJOZ,0.631566446242058,0.3684335537579419,0
0117-LFRMW,0.9198408853286584,0.08015911467134164,0
4559-UWIHT,0.33649430692244864,0.6635056930775514,1
7025-IWFHT,0.646287521115271,0.353712478884729,0
0866-QLSIR,0.8780921949073683,0.12190780509263165,0
8397-MVTAZ,0.5278056012299968,0.4721943987700032,0
1347-KTTTA,0.9080524944811176,0.09194750551888245,0
5793-YOLJN,0.9876674136522399,0.01233258634776015,0
6734-JDTTV,0.9926508409917083,0.007349159008291653,0
8917-SZTTJ,0.9905709143264302,0.009429085673569773,0
4422-QVIJA,0.9011249171708485,0.09887508282915151,0
2696-NARTR,0.327977386019748,0.672022613980252,1
2748-MYRVK,0.9065588083598592,0.09344119164014081,0
6210-KBBPI,0.38604324693242353,0.6139567530675765,1
4989-LIXVT,0.868937653775311,0.13106234622468907,0
8757-TFHHJ,0.6195868837714422,0.3804131162285578,0
4163-NCJAK,0.9797948710518293,0.020205128948170708,0
0310-VQXAM,0.8871652811849683,0.11283471881503168,0
7890-VYYWG,0.6818358372528472,0.3181641627471527,0
5198-EFNBM,0.8023422301750932,0.19765776982490682,0
2882-WDTBA,0.9735275524188677,0.026472447581132284,0
1254-IZEYF,0.4900742631977989,0.5099257368022011,1
0883-EIBTI,0.8469890857619901,0.15301091423800992,0
0822-GAVAP,0.511917913106591,0.48808208689340904,0
9928-BZVLZ,0.739953877101188,0.26004612289881207,0
7248-VZQLC,0.838916577787426,0.161083422212574,0
2186-QZEYA,0.8577023720806991,0.14229762791930092,0
8490-BXHEO,0.5591659095090113,0.4408340904909886,0
1541-ETJZO,0.5815580636555111,0.41844193634448895,0
4806-HIPDW,0.2383586323653999,0.7616413676346001,1
2812-REYAT,0.9835480367491966,0.016451963250803475,0
7973-DZRKH,0.9269364533880223,0.07306354661197767,0
0315-LVCRK,0.29751981286106166,0.7024801871389383,1
5153-RTHKF,0.5748541848146266,0.4251458151853734,0
8749-CLJXC,0.8393334041790428,0.16066659582095724,0
4957-TIALW,0.729902116092735,0.270097883907265,0
5393-HJZSM,0.847978837546506,0.152021162453494,0
7124-UGSUR,0.8921116069303834,0.10788839306961667,0
6582-PLFUU,0.9852078537699003,0.01479214623009973,0
4791-QRGMF,0.8883882682662201,0.11161173173377993,0
4518-FZBSX,0.9766303755047447,0.023369624495255252,0
5136-KCKGI,0.6681246144897282,0.3318753855102718,0
7808-DVWEP,0.8526431949106686,0.14735680508933136,0
2468-SJFLM,0.36712876658930027,0.6328712334106997,1
0709-TVGUR,0.30407411838552356,0.6959258816144764,1
2911-UREFD,0.8391653048752055,0.1608346951247945,0
0130-SXOUN,0.9282841463417514,0.07171585365824858,0
4908-XAXAY,0.8444262245215648,0.15557377547843526,0
5457-COLHT,0.9718422992461668,0.028157700753833215,0
2239-CFOUJ,0.8387213013748307,0.16127869862516936,0
3930-ZGWVE,0.839856567474677,0.1601434325253231,0
3003-CMDUU,0.42990599713981803,0.570094002860182,1
0256-LTHVJ,0.5131677793857818,0.4868322206142182,0
3639-XJHKQ,0.6400472640888925,0.35995273591110755,0
6265-FRMTQ,0.9597725875673874,0.04022741243261264,0
4433-JCGCG,0.6700469029762819,0.3299530970237181,0
5542-NKVRU,0.9764821505717903,0.023517849428209676,0
1735-XMJVH,0.8826534881455327,0.11734651185446729,0
3243-ZHOHY,0.9179135882359695,0.08208641176403059,0
7508-KBIMB,0.8280995672528656,0.17190043274713437,0
4730-AWNAU,0.8932099778691404,0.10679002213085964,0
2357-COQEK,0.4414136344318602,0.5585863655681398,1
0048-LUMLS,0.7435867836195522,0.2564132163804478,0
7916-VCCPB,0.5574312738270059,0.44256872617299414,0
5353-WILCI,0.7486654203956449,0.2513345796043551,0
0702-PGIBZ,0.19256460361078276,0.8074353963892172,1
7607-QKKTJ,0.805609595473302,0.19439040452669804,0
0853-TWRVK,0.9343514156148058,0.06564858438519414,0
7055-VKGDA,0.851205122922826,0.14879487707717398,0
9174-FKWZE,0.726040376267411,0.273959623732589,0
3643-AHCFP,0.37386235568223514,0.6261376443177649,1
5791-KAJFD,0.9541445745654549,0.04585542543454513,0
4667-QONEA,0.9592796471771579,0.04072035282284213,0
1635-NZATJ,0.9941646036820658,0.005835396317934193,0
4958-XCBDQ,0.5360962293540248,0.46390377064597516,0
1845-CSBRZ,0.593570123459805,0.40642987654019497,0
2507-QZPQS,0.3106338714620106,0.6893661285379894,1
8777-PVYGU,0.9473410672376241,0.05265893276237589,0
5708-EVONK,0.8911546699002143,0.10884533009978571,0
2187-LZGPL,0.7146504946002659,0.2853495053997341,0
6281-FKEWS,0.8802321319151992,0.11976786808480075,0
8374-XGEJJ,0.6355396896860879,0.3644603103139122,0
3834-XUIFC,0.40588204060949484,0.5941179593905052,1
3566-HJGPK,0.6324698992926316,0.3675301007073684,0
5110-CHOPY,0.9398113287476666,0.06018867125233344,0
3034-ZBEQN,0.9556376004364275,0.044362399563572456,0
2996-XAUVF,0.9839816591675389,0.016018340832461158,0
4391-RESHN,0.5467089174899902,0.45329108251000977,0
3589-PPVKW,0.7239138290181228,0.2760861709818771,0
2454-RPBRZ,0.2727777197609914,0.7272222802390086,1
2176-LVPNX,0.9713575343291759,0.028642465670824086,0
1895-QTKDO,0.6372724895090204,0.3627275104909796,0
6480-YAGIY,0.7683489511863671,0.23165104881363285,0
0799-DDIHE,0.6359008189871282,0.3640991810128718,0
9274-CNFMO,0.2521738663717398,0.7478261336282602,1
2862-JVEOY,0.8720080232766916,0.12799197672330845,0
8065-YKXKD,0.31436701638899545,0.6856329836110046,1
3082-VQXNH,0.7002168653046816,0.29978313469531837,0
2792-LSHWX,0.3402033512931846,0.6597966487068154,1
4402-FTBXC,0.875019153276144,0.12498084672385605,0
8717-VCTXJ,0.9768363594565235,0.023163640543476558,0
6583-SZVGP,0.8028878416057957,0.19711215839420423,0
2038-LLMLM,0.684181037596646,0.315818962403354,0
6646-JPPHA,0.34756702882993495,0.652432971170065,1
6770-XUAGN,0.7220301606511076,0.2779698393488924,0
8007-YYPWD,0.9088318291507507,0.09116817084924939,0
8148-NLEGT,0.9530815057325228,0.046918494267477184,0
0947-MUGVO,0.43592017532773697,0.564079824672263,1
6369-MCAKO,0.9671316005633338,0.03286839943666621,0
7530-HDYDS,0.7694963084446913,0.23050369155530875,0
9453-PATOS,0.9743215922228065,0.02567840777719356,0
7217-JYHOQ,0.8006381737068293,0.1993618262931707,0
7869-ZYDST,0.868917597311709,0.13108240268829097,0
2607-FBDFF,0.6220254507887137,0.3779745492112862,0
6712-OAWRH,0.4548844455264055,0.5451155544735945,1
3669-WHAFY,0.9228058869093786,0.07719411309062142,0
6198-RTPMF,0.34176105878086593,0.6582389412191341,1
3205-MXZRA,0.836490231697562,0.16350976830243805,0
5533-NHFRF,0.5438813457868857,0.45611865421311426,0
6180-YBIQI,0.7351886053495289,0.26481139465047104,0
4342-HENTK,0.2436203785309684,0.7563796214690316,1
1262-OPMFY,0.46080825935102965,0.5391917406489704,1
4529-CKBCL,0.22156095044662472,0.7784390495533753,1
2834-JKOOW,0.7771642571898871,0.2228357428101129,0
6094-ZIVKX,0.9787485652994399,0.0212514347005601,0
2675-DHUTR,0.7933029327787503,0.2066970672212497,0
0795-LAFGP,0.9442893530736467,0.05571064692635335,0
3678-MNGZX,0.9936746126859866,0.0063253873140134585,0
9495-REDIY,0.861164875572492,0.13883512442750803,0
1579-KLYDT,0.24316273345814599,0.756837266541854,1
6476-YHMGA,0.7011928143093501,0.2988071856906499,0
6702-OHFWR,0.47141648515939105,0.528583514840609,1
3654-ARMGP,0.9539789040482651,0.046021095951734925,0
6994-ORCWG,0.7484409320347372,0.25155906796526284,0
5448-VWNAM,0.7434301918935934,0.2565698081064066,0
6624-JDRDS,0.7320803493979098,0.2679196506020903,0
1536-HBSWP,0.4501856195729268,0.5498143804270732,1
1475-VWVDO,0.2821009528926056,0.7178990471073944,1
7892-POOKP,0.43663010620915976,0.5633698937908402,1
9629-NHXFW,0.8404651811550106,0.1595348188449894,0
7586-ZATGZ,0.6484406165302543,0.35155938346974575,0
0848-ZGQIJ,0.4884120123691844,0.5115879876308156,1
2882-DDZPG,0.9019982322043247,0.09800176779567522,0
1310-QRITU,0.6588472807912348,0.3411527192087652,0
6625-IUTTT,0.9743027700712721,0.025697229928727968,0
0396-UKGAI,0.8225527445701606,0.17744725542983936,0
5811-IWXYM,0.8450458519774788,0.15495414802252117,0
9909-IDLEK,0.5321855115202754,0.4678144884797247,0
8076-FEZKJ,0.8925847588155255,0.10741524118447453,0
1122-YJBCS,0.9799837097644053,0.02001629023559466,0
4815-TUMEQ,0.8928328048951393,0.10716719510486078,0
2812-ENYMO,0.8449842271160943,0.15501577288390567,0
6616-AALSR,0.910267806801536,0.08973219319846402,0
7240-FQLHE,0.49729033251238597,0.502709667487614,1
4537-DKTAL,0.47681327116535865,0.5231867288346413,1
3796-ENZGF,0.9680219667982402,0.03197803320175987,0
0254-FNMCI,0.8714046574244473,0.1285953425755527,0
2430-RRYUW,0.976426081402165,0.02357391859783498,0
6061-PQHMK,0.9465431342014288,0.053456865798571215,0
3612-YUNGG,0.9004899322350483,0.09951006776495178,0
8966-KZXXA,0.966598713243747,0.03340128675625295,0
8882-TLVRW,0.9833637348660664,0.016636265133933625,0
2393-DIVAI,0.8526431949106686,0.14735680508933136,0
1303-SRDOK,0.9059836355233695,0.09401636447663048,0
6203-HBZPA,0.9475988541721868,0.05240114582781324,0
8260-NGFNY,0.6913279451385912,0.3086720548614088,0
8263-QMNTJ,0.8629812640827368,0.13701873591726324,0
3812-LRZIR,0.9028689505417433,0.09713104945825672,0
7459-RRWQZ,0.7323203929201395,0.2676796070798605,0
7407-SUJIZ,0.9460826349753296,0.05391736502467041,0
7632-MNYOY,0.9073943898830746,0.09260561011692532,0
5666-CYCYZ,0.435240388995487,0.564759611004513,1
7101-HRBLJ,0.974771265259976,0.02522873474002394,0
2925-MXLSX,0.8471536871123297,0.15284631288767023,0
7860-UXCRM,0.9649846947882313,0.03501530521176861,0
1241-FPMOF,0.985911968832432,0.014088031167567931,0
0363-QJVFX,0.6436663552909531,0.35633364470904694,0
7129-AZJDE,0.7447827356730173,0.25521726432698266,0
2361-UPSND,0.9243913906251457,0.0756086093748543,0
2834-SPCJV,0.7741530551971998,0.22584694480280018,0
2150-OEGBV,0.9513352657498451,0.04866473425015489,0
5989-AXPUC,0.9075501197938857,0.09244988020611432,0
3363-DTIVD,0.8720249724488007,0.12797502755119924,0
4990-ALDGW,0.988880776990486,0.011119223009513915,0
3838-OZURD,0.913617367925086,0.08638263207491405,0
4657-FWVFY,0.7595747222749858,0.2404252777250142,0
8746-BFOAJ,0.9348108873031912,0.06518911269680878,0
3318-ISQFQ,0.9324671920020932,0.06753280799790684,0
9092-GDZKO,0.9344720364594943,0.06552796354050577,0
6221-AVQYL,0.3822100905250092,0.6177899094749908,1
8066-POXGX,0.6459038870779314,0.35409611292206855,0
0675-NCDYU,0.9252344430937312,0.07476555690626879,0
5108-ADXWO,0.32897706915540237,0.6710229308445976,1
7096-UCLNH,0.8393334041790428,0.16066659582095724,0
8878-RYUKI,0.9060391099009206,0.09396089009907943,0
3190-XFANI,0.8252511582510811,0.1747488417489189,0
5376-PCKNB,0.9352589311866127,0.06474106881338729,0
0495-ZBNGW,0.3979660762707047,0.6020339237292953,1
3866-MDTUB,0.39672674178399014,0.6032732582160099,1
3097-PYWXL,0.754079747208768,0.24592025279123195,0
7426-GSWPO,0.9069109884755813,0.09308901152441877,0
9497-QCMMS,0.1853912959974563,0.8146087040025437,1
9787-XVQIU,0.22375367826879178,0.7762463217312082,1
9648-BCHKM,0.9210699569358618,0.07893004306413823,0
2346-LOCWC,0.9894593102438766,0.010540689756123425,0
3744-ZBHON,0.743925699035846,0.2560743009641539,0
5701-SVCWR,0.832315729040917,0.167684270959083,0
8714-EUHJO,0.5185517357368614,0.4814482642631385,0
5624-RYAMH,0.799026056608475,0.20097394339152497,0
8091-TTVAX,0.8821132632222647,0.11788673677773527,0
9680-NIAUV,0.9310188737808879,0.06898112621911208,0
0404-AHASP,0.9948479547583147,0.005152045241685345,0
2692-AQCPF,0.9062217732201591,0.09377822677984095,0
9242-TKFSV,0.9800635241340488,0.019936475865951136,0
2225-ZRGSG,0.9373490562232321,0.06265094377676797,0
9391-EOYLI,0.3203793273149754,0.6796206726850246,1
1619-YWUBB,0.9932543885611568,0.006745611438843199,0
9867-JCZSP,0.9210496060185172,0.0789503939814829,0
1209-VFFOC,0.9782169699806063,0.021783030019393742,0
2272-QAGFO,0.36104441450253366,0.6389555854974663,1
9055-MOJJJ,0.9701064015422272,0.02989359845777289,0
5546-BYZSM,0.9522514449502282,0.04774855504977178,0
2709-UQGNP,0.7152174766763764,0.28478252332362364,0
5337-IIWKZ,0.8236411376140241,0.17635886238597584,0
4091-TVOCN,0.9241132920332271,0.07588670796677291,0
0906-QVPMS,0.9263464400211099,0.07365355997889017,0
0336-KXKFK,0.9810266932559142,0.018973306744085816,0
3026-ATZYV,0.8795605204932908,0.12043947950670914,0
6128-DAFVY,0.9659340536084723,0.03406594639152768,0
0780-XNZFN,0.9888950059137442,0.011104994086255711,0
2608-BHKFN,0.41649422895445243,0.5835057710455476,1
3279-DYZQM,0.9945984505130825,0.00540154948691749,0
3165-HDOEW,0.631566446242058,0.3684335537579419,0
8750-QWZAJ,0.9942930148600223,0.005706985139977726,0
4143-OOBWZ,0.24629030971920796,0.753709690280792,1
3716-BDVDB,0.2380061962181046,0.7619938037818954,1
0786-IVLAW,0.9103963517696694,0.08960364823033057,0
1125-SNVCK,0.9527064449373003,0.0472935550626997,0
4566-GOLUK,0.7963074498448683,0.20369255015513169,0
1622-HSHSF,0.8402045764912415,0.1597954235087585,0
3714-NTNFO,0.7454313010568917,0.2545686989431083,0
6353-BRMMA,0.8533245766893374,0.14667542331066266,0
4652-NNHNY,0.5555137379283952,0.44448626207160485,0
1902-XBTFB,0.41093062155635474,0.5890693784436453,1
2294-DMMUS,0.9650408232504243,0.034959176749575695,0
8679-JOEVF,0.6079653117222648,0.3920346882777353,0
4818-QIUFN,0.4184949400173199,0.5815050599826801,1
7274-RTAPZ,0.19132974867561636,0.8086702513243836,1
7683-CBDKJ,0.5643578101246467,0.43564218987535325,0
6047-YHPVI,0.27522136108282946,0.7247786389171705,1
7698-YFGEZ,0.8394206939285909,0.1605793060714091,0
9412-ARGBX,0.8274407217761325,0.17255927822386755,0
6176-YJWAS,0.9401723161282396,0.059827683871760455,0
6837-BJYDQ,0.853292774824649,0.14670722517535095,0
6845-RGTYS,0.6874687781219455,0.31253122187805443,0
8325-QRPZR,0.28144581927419776,0.7185541807258022,1
2511-ALLCS,0.9652687906831245,0.03473120931687548,0
4919-MOAVT,0.2555546181764917,0.7444453818235083,1
2968-SSGAA,0.24703158679516213,0.7529684132048379,1
6029-WTIPC,0.5621965308630217,0.43780346913697826,0
7029-IJEJK,0.9627789251428978,0.03722107485710223,0
0422-OHQHQ,0.913546194254074,0.08645380574592598,0
2460-NGXBJ,0.4879005689688013,0.5120994310311987,1
9373-WSLOY,0.8059252708139498,0.19407472918605018,0
6168-WFVVF,0.25395666767126546,0.7460433323287345,1
6608-QQLVK,0.44826333671857854,0.5517366632814215,1
0872-JCPIB,0.7490860676146713,0.2509139323853287,0
5597-GLBUC,0.20175618377905824,0.7982438162209418,1
7802-EFKNY,0.580851904381594,0.41914809561840605,0
3070-BDOQC,0.8079585479885977,0.1920414520114023,0
2761-XECQW,0.7164206342786563,0.2835793657213436,0
7470-MCQTK,0.7522693924126238,0.24773060758737617,0
1409-PHXTF,0.7295364809661053,0.2704635190338946,0
7205-BAIAD,0.9740825330196262,0.0259174669803738,0
4393-RYCRE,0.6321486591454101,0.3678513408545899,0
3174-AKMAS,0.9299836060434009,0.07001639395659913,0
0266-CLZKZ,0.9169026592650156,0.08309734073498444,0
6242-MBHPK,0.40536799227461484,0.5946320077253852,1
5186-EJEGL,0.654514976736265,0.345485023263735,0
5567-GZKQY,0.9894862860934308,0.010513713906569157,0
5789-LDFXO,0.8885367563131272,0.11146324368687276,0
4616-ULAOA,0.9031514843417389,0.09684851565826115,0
7145-FEJWU,0.254679946291565,0.745320053708435,1
2576-HXMPA,0.8402045764912415,0.1597954235087585,0
8224-UAXBZ,0.9401085812441711,0.05989141875582888,0
9158-VCTQB,0.7266641518903746,0.2733358481096254,0
0100-DUVFC,0.8673713849962927,0.13262861500370723,0
5149-CUZUJ,0.6423690414708297,0.35763095852917026,0
5795-KTGUD,0.9156826771054751,0.08431732289452491,0
3801-HMYNL,0.32369475032614126,0.6763052496738587,1
7799-DSEWS,0.6045443064735281,0.39545569352647186,0
3744-ZRRDZ,0.42077059260021843,0.5792294073997816,1
4220-TINQT,0.8023144295814532,0.1976855704185468,0
7998-WNZEM,0.9745083047311275,0.025491695268872506,0
8541-QVFKM,0.29626332480296236,0.7037366751970376,1
2519-TWKFS,0.8372475103358185,0.16275248966418154,0
6366-XIVKZ,0.7159154750032977,0.28408452499670234,0
3765-JXVKY,0.22510600134483238,0.7748939986551676,1
4801-JZAZL,0.6389339922224349,0.3610660077775651,0
9281-CEDRU,0.9759879565001567,0.024012043499843344,0
5673-TIYIB,0.6593263575623587,0.34067364243764126,0
6479-OAUSD,0.9465431342014288,0.053456865798571215,0
6807-SIWJI,0.5627434117373578,0.43725658826264224,0
0887-WBJVH,0.7616271629472388,0.23837283705276127,0
8331-ZXFOE,0.9571581121043315,0.04284188789566844,0
2830-LEWOA,0.892733176620616,0.10726682337938401,0
1527-SXDPN,0.8533355461600032,0.1466644538399968,0
0323-XWWTN,0.8419237762761902,0.15807622372380975,0
9499-XPZXM,0.9801518839131209,0.019848116086879135,0
5419-JKZNQ,0.7071232561891955,0.29287674381080453,0
7049-GKVZY,0.7132387501341344,0.2867612498658656,0
1336-EZFZY,0.8588313070633455,0.14116869293665446,0
4332-MUOEZ,0.540235868552241,0.45976413144775896,0
1432-FPAXX,0.8133359059056471,0.18666409409435292,0
8626-PTQGE,0.9782917880720102,0.021708211927989753,0
4323-SADQS,0.5754618253155447,0.4245381746844553,0
0743-HRVFF,0.9053516237278332,0.09464837627216677,0
1697-LYYYX,0.9910966483029442,0.00890335169705576,0
7206-GZCDC,0.23765411857992225,0.7623458814200778,1
3518-FSTWG,0.9311435102168357,0.06885648978316432,0
4658-HCOHW,0.35791774721992753,0.6420822527800725,1
3987-KQDDU,0.3012046709345719,0.6987953290654281,1
9420-LOJKX,0.4613864425996501,0.5386135574003499,1
6598-KELSS,0.9553585739687094,0.044641426031290676,0
2883-ILGWO,0.8702192997754412,0.1297807002245588,0
3638-WEABW,0.9627262048591414,0.037273795140858615,0
3556-BVQGL,0.9320583428273873,0.06794165717261269,0
4307-KWMXE,0.6083365436460779,0.39166345635392213,0
1052-QJIBV,0.9945670555899679,0.005432944410032091,0
7251-XFOIL,0.9096455930790781,0.0903544069209219,0
1173-XZPYF,0.2857509730854222,0.7142490269145778,1
8075-GXIUB,0.8871652811849683,0.11283471881503168,0
7776-QWNFX,0.8757351912885092,0.12426480871149077,0
9189-JWSHV,0.4225542245798507,0.5774457754201493,1
7951-VRDVK,0.8579413323828098,0.14205866761719016,0
3148-BLQJT,0.8392460760663825,0.1607539239336175,0
9227-YBAXE,0.9649160391889149,0.035083960811085065,0
3647-GMGDH,0.5640641628394613,0.43593583716053874,0
0305-SQECB,0.7638026544200452,0.23619734557995478,0
0842-IWYCP,0.9445748459137531,0.05542515408624697,0
4234-XTNEA,0.22211977780080105,0.777880222199199,1
8812-ZRHFP,0.521067555197629,0.47893244480237096,0
6899-PPEEA,0.5766407358515127,0.42335926414848735,0
7714-YXSMB,0.5952448422364713,0.4047551577635286,0
2673-CXQEU,0.7489809886020041,0.2510190113979959,0
6828-HMKWP,0.9001514967244252,0.09984850327557479,0
5702-KVQRD,0.9494014693213223,0.05059853067867765,0
0402-OAMEN,0.9945229115552559,0.005477088444744118,0
5602-BVFMK,0.9021697938929318,0.09783020610706822,0
0640-YJTPY,0.9947609524518913,0.005239047548108649,0
7872-RDDLZ,0.9563458942615948,0.04365410573840524,0
6161-ERDGD,0.9475668159823653,0.052433184017634714,0
6082-GLJIX,0.9260060494395352,0.07399395056046473,0
4316-XCSLJ,0.7847900932412759,0.2152099067587241,0
8945-GRKHX,0.21630974360903066,0.7836902563909693,1
2651-ZCBXV,0.8468904459578712,0.15310955404212873,0
6861-OKBCE,0.896639428460274,0.10336057153972597,0
3503-TYDAY,0.6946934120295581,0.30530658797044186,0
8725-JEDFD,0.699245893030548,0.30075410696945204,0
9643-YBLUR,0.6558314068861391,0.3441685931138609,0
4737-AQCPU,0.9782132344921386,0.02178676550786136,0
4544-RXFMG,0.7161574906032253,0.28384250939677474,0
0960-HUWBM,0.9104791141454256,0.08952088585457436,0
4992-LTJNE,0.9823976601629579,0.01760233983704205,0
4785-QRJHC,0.9335234767780178,0.06647652322198215,0
9110-HSGTV,0.9711974223331986,0.028802577666801363,0
6862-CQUMB,0.7313035323429606,0.2686964676570394,0
5299-SJCZT,0.31091434210054947,0.6890856578994505,1
3486-NPGST,0.9688427297481998,0.03115727025180011,0
0940-OUQEC,0.4575014094964416,0.5424985905035584,1
5201-CBWYG,0.9908911332262187,0.009108866773781267,0
1746-TGTWV,0.3639754971002802,0.6360245028997198,1
9975-SKRNR,0.8413313768057452,0.1586686231942548,0
5127-BZENZ,0.956114337016295,0.04388566298370502,0
3594-BDSOA,0.9435709236700696,0.05642907632993041,0
2921-XWDJH,0.6293448629437963,0.3706551370562036,0
5447-VYTKW,0.8533116840538731,0.14668831594612688,0
7537-RBWEA,0.6914660872794249,0.308533912720575,0
6661-HBGWL,0.7582556592676926,0.24174434073230738,0
7623-TRNQN,0.6192816353303929,0.3807183646696071,0
2499-AJYUA,0.9300984727452091,0.06990152725479087,0
0337-CNPZE,0.5952876551286255,0.4047123448713746,0
2150-UWTFY,0.8033253213842507,0.19667467861574928,0
9052-VKDUW,0.9047255972665327,0.09527440273346728,0
7501-IWUNG,0.9617212933459759,0.03827870665402409,0
9475-NNDGC,0.9246306209216365,0.07536937907836351,0
4782-OSFXZ,0.9738240068577833,0.02617599314221678,0
5914-XRFQB,0.9257701146171566,0.07422988538284336,0
0635-WKOLD,0.8999746067787326,0.10002539322126733,0
9058-HRZSV,0.8530443984145832,0.14695560158541673,0
3635-QQRQD,0.9914298505783322,0.00857014942166773,0
8642-GVWRF,0.36269234120464944,0.6373076587953506,1
5842-POCOP,0.37040355008845705,0.629596449911543,1
1035-IPQPU,0.8233610602084868,0.17663893979151327,0
0447-BEMNG,0.9494408614098763,0.05055913859012373,0
5442-PPTJY,0.9017117000785178,0.0982882999214823,0
7065-YUNRY,0.6332220671437667,0.36677793285623334,0
9541-ZPSEA,0.9415509283451922,0.058449071654807803,0
7268-WNTCP,0.9913857296327564,0.008614270367243632,0
7139-JZFVG,0.9659495864508707,0.03405041354912933,0
1080-BWSYE,0.9916731647270545,0.00832683527294555,0
9074-KGVOX,0.9573049929132029,0.04269500708679709,0
3399-BMLVW,0.9472624527512404,0.052737547248759516,0
8216-AZUUZ,0.6255202662178094,0.3744797337821906,0
5348-CAGXB,0.29528282302928266,0.7047171769707173,1
6467-CHFZW,0.6857970832060367,0.3142029167939633,0
4315-MURBD,0.4244546274273817,0.5755453725726183,1
3339-EAQNV,0.940680129339879,0.05931987066012101,0
8966-SNIZF,0.9943186741827247,0.005681325817275371,0
3312-ZWLGF,0.5314892075306246,0.4685107924693755,0
8752-IMQOS,0.8648007604935936,0.13519923950640644,0
1945-XISKS,0.9933729279157748,0.006627072084225247,0
2235-ZGKPT,0.6517043304962249,0.3482956695037751,0
2233-TXSIU,0.7973078815367125,0.20269211846328752,0
1866-DIOQZ,0.9785903918836957,0.02140960811630428,0
4967-WPNCF,0.9804146673070157,0.019585332692984347,0
6244-BESBM,0.9332590112293916,0.06674098877060837,0
2245-ADZFJ,0.8338307447333393,0.16616925526666076,0
5687-DKDTV,0.8583596771662616,0.14164032283373837,0
2055-SIFSS,0.9610581559666544,0.03894184403334553,0
4987-GQWPO,0.8348105009372834,0.16518949906271663,0
4178-EGMON,0.9416884743302847,0.058311525669715286,0
4213-HKBJO,0.9610249781805597,0.0389750218194403,0
7945-HLKEA,0.9311067797678554,0.06889322023214461,0
0094-OIFMO,0.27067238733716126,0.7293276126628387,1
9094-AZPHK,0.2984311901111091,0.7015688098888909,1
0390-DCFDQ,0.3787866273979331,0.6212133726020669,1
4948-WBBKL,0.7729387634133189,0.2270612365866811,0
3308-MHOOC,0.8408121182729299,0.15918788172707007,0
3227-WLKLI,0.960725400652174,0.03927459934782595,0
4939-KYYPY,0.7304095042959466,0.2695904957040534,0
1697-BCSHV,0.9593841037908274,0.04061589620917257,0
2272-UOINI,0.4339937528380292,0.5660062471619708,1
2585-KTFRE,0.5548787739266132,0.44512122607338683,0
6647-ZEDXT,0.613007208711047,0.386992791288953,0
3301-VKTGC,0.937771105525046,0.062228894474954055,0
4137-BTIKL,0.3303103977926699,0.6696896022073301,1
2308-STERM,0.8471568246025187,0.1528431753974813,0
6402-ZFPPI,0.5756956682248957,0.42430433177510435,0
5574-NXZIU,0.8958461965698731,0.10415380343012692,0
3668-QPYBK,0.6191949755018722,0.3808050244981278,0
4508-OEBEY,0.8426945175559747,0.15730548244402534,0
8597-CWYHH,0.7906068471326919,0.20939315286730814,0
9237-HQITU,0.24350109516073226,0.7564989048392677,1
2067-QYTCF,0.8162296786641077,0.18377032133589233,0
9578-VRMNM,0.7407913411516497,0.2592086588483503,0
3679-XASPY,0.726040376267411,0.273959623732589,0
0568-ONFPC,0.8557767060068412,0.14422329399315878,0
1122-JWTJW,0.37817743084165645,0.6218225691583436,1
9617-INGJY,0.37832969402099026,0.6216703059790097,1
1958-RNRKS,0.7812049857324643,0.21879501426753567,0
2250-IVBWA,0.8676992096657999,0.13230079033420003,0
2371-JQHZZ,0.4242929166532776,0.5757070833467224,1
8225-BTJAU,0.30194546660274946,0.6980545333972505,1
3181-MIZBN,0.8497244911274855,0.1502755088725145,0
3550-SAHFP,0.5687619320674133,0.43123806793258673,0
7754-IXRMC,0.6330716853533371,0.36692831464666287,0
0265-PSUAE,0.46886525575477134,0.5311347442452287,1
0516-UXRMT,0.8370950036451876,0.1629049963548124,0
0959-WHOKV,0.6297569625335654,0.3702430374664346,0
6537-OTKMY,0.622457984145754,0.37754201585424596,0
4013-TLDHQ,0.409004780292048,0.590995219707952,1
0843-WTBXE,0.8756245213540045,0.12437547864599556,0
2322-VCZHZ,0.42138053400745634,0.5786194659925437,1
0654-PQKDW,0.9649095302966342,0.03509046970336588,0
0689-DSXGL,0.8694744722505712,0.13052552774942888,0
0541-FITGH,0.5935493659950302,0.4064506340049698,0
0297-RBCSG,0.7686108063254506,0.23138919367454933,0
3096-JRDSO,0.5956241930421234,0.40437580695787656,0
2485-ITVKB,0.5106236946563096,0.4893763053436903,0
3577-AMVUX,0.6034387599378921,0.39656124006210786,0
2040-VZIKE,0.8247838255743025,0.17521617442569745,0
0225-ZORZP,0.22116282163871037,0.7788371783612896,1
1960-UYCNN,0.26014190337364784,0.7398580966263522,1
5176-LMJXE,0.9817054312162026,0.01829456878379741,0
1166-PQLGG,0.9948579005381564,0.005142099461843657,0
1545-ACTAS,0.8195367092998979,0.18046329070010217,0
7801-CEDNV,0.8608444562391216,0.13915554376087833,0
3780-YVMFA,0.47852457135914517,0.5214754286408548,1
2697-NQBPF,0.5106755737713047,0.4893244262286954,0
2200-DSAAL,0.9429008318572878,0.05709916814271223,0
7299-GNVPL,0.6086938982318235,0.39130610176817654,0
5712-AHQNN,0.6630973727012652,0.3369026272987347,0
9861-PDSZP,0.9323784508173885,0.0676215491826115,0
1099-GODLO,0.8388088598124146,0.16119114018758535,0
9334-GWGOW,0.2822320906503446,0.7177679093496554,1
4847-TAJYI,0.23650200533484844,0.7634979946651516,1
7905-NJMXS,0.4799089370439823,0.5200910629560177,1
5698-BQJOH,0.25256007527837854,0.7474399247216215,1
4385-ZKVNW,0.9312019588436957,0.06879804115630433,0
8731-WBBMB,0.7927598697472685,0.20724013025273144,0
2806-MLNTI,0.8384051074018584,0.16159489259814167,0
2640-LYMOV,0.846737194730497,0.15326280526950295,0
6258-PVZWJ,0.9664035967934055,0.03359640320659456,0
1928-BXYIV,0.4144511681497528,0.5855488318502472,1
7028-DVOIQ,0.5436550987402847,0.4563449012597153,0
1060-ENTOF,0.9171489753784343,0.08285102462156572,0
0602-DDUML,0.9557716491099607,0.04422835089003929,0
3701-SFMUH,0.6306008223057329,0.3693991776942671,0
5480-HPRRX,0.5548235065930034,0.44517649340699655,0
9734-YWGEX,0.3895785748364803,0.6104214251635197,1
6599-SFQVE,0.4969852978829956,0.5030147021170044,1
7354-OIJLX,0.30052374403436355,0.6994762559656365,1
6656-JWRQX,0.6763524010809082,0.3236475989190918,0
0746-JTRFU,0.5430522099917408,0.4569477900082593,0
1635-HDGFT,0.9283417452242801,0.0716582547757199,0
7439-DKZTW,0.21216821854959222,0.7878317814504078,1
3424-NMNBO,0.7713783638889903,0.22862163611100975,0
1431-AIDJQ,0.8448167644063435,0.15518323559365657,0
0439-IFYUN,0.4078421436466234,0.5921578563533766,1
6297-NOOPG,0.8586480685882232,0.14135193141177685,0
9305-CDSKC,0.23080595324987385,0.7691940467501261,1
5245-VDBUR,0.9631514837219399,0.0368485162780601,0
1705-GUHPV,0.9914046867625514,0.008595313237448528,0
7716-YTYHG,0.8509101788538755,0.14908982114612448,0
9565-FLVCG,0.9701707783597789,0.029829221640221042,0
7293-LSCDV,0.9906191691388433,0.009380830861156686,0
9571-EDEBV,0.9367161674677519,0.06328383253224816,0
0260-ZDLGK,0.6444930754859285,0.3555069245140715,0
8621-MNIHH,0.5464754910832493,0.45352450891675067,0
2979-SXESE,0.3365372315117522,0.6634627684882478,1
6035-RIIOM,0.8641581398789756,0.13584186012102442,0
0818-OCPZO,0.499180922242215,0.500819077757785,1
0219-YTZUE,0.37094238091653176,0.6290576190834682,1
1480-IVEVR,0.7478999552045715,0.2521000447954284,0
1471-GIQKQ,0.45002537170617296,0.549974628293827,1
5671-RQRLP,0.9498741219275162,0.05012587807248385,0
7460-ITWWP,0.7006832992679118,0.29931670073208816,0
3200-MNQTF,0.97251013163127,0.027489868368730047,0
1813-JLKWR,0.9922759348500102,0.007724065149989824,0
3186-BAXNB,0.18903634370986044,0.8109636562901396,1
2446-BEGGB,0.2163274770285818,0.7836725229714182,1
6701-YVNQG,0.973129166302576,0.026870833697424056,0
8606-CIQUL,0.9258145942093102,0.0741854057906898,0
4304-XUMGI,0.933873345731885,0.06612665426811504,0
8267-KFGYD,0.8375795437097331,0.16242045629026688,0
1950-KSVVJ,0.7658040564693587,0.2341959435306413,0
7465-ZZRVX,0.23508318116743465,0.7649168188325653,1
4821-WQOYN,0.9948213390202004,0.005178660979799615,0
9972-NKTFD,0.8576682075388002,0.14233179246119976,0
4957-TREIR,0.5987605236647481,0.4012394763352519,0
6243-OZGFH,0.7273736203520076,0.2726263796479924,0
4854-SSLTN,0.6018003306383766,0.39819966936162343,0
5213-TWWJU,0.48096995297721123,0.5190300470227888,1
9600-NAXZN,0.6343391251960215,0.3656608748039784,0
8234-GSZYK,0.9759474775544944,0.02405252244550561,0
2672-HUYVI,0.23243471267508453,0.7675652873249155,1
7564-GHCVB,0.9525436891131241,0.04745631088687583,0
5186-PEIZU,0.9673955667915728,0.03260443320842716,0
3803-KMQFW,0.8384583955638296,0.16154160443617036,0
8466-PZBLH,0.9179327294269073,0.08206727057309272,0
5845-BZZIB,0.967046616339448,0.03295338366055201,0
9236-NDUCW,0.8447159198185582,0.15528408018144182,0
7208-PSIHR,0.9289591545352639,0.07104084546473609,0
0877-SDMBN,0.8535675135126124,0.14643248648738766,0
7521-AFHAB,0.6804106028422134,0.3195893971577865,0
3005-NFMTA,0.7674388215760993,0.23256117842390067,0
9565-JSNFM,0.799658655629152,0.20034134437084808,0
6097-EQISJ,0.916187937773117,0.08381206222688296,0
0302-JOIVN,0.2273757146973826,0.7726242853026174,1
5498-IBWPI,0.9779830872733626,0.022016912726637413,0
1730-ZMAME,0.5685344683812048,0.43146553161879514,0
2320-YKQBO,0.877360502500323,0.122639497499677,0
9970-QBCDA,0.8712110481381347,0.12878895186186534,0
1932-UEDCX,0.6769644414539346,0.32303555854606536,0
2040-LDIWQ,0.9641631597360546,0.03583684026394538,0
9993-LHIEB,0.9735464901496671,0.026453509850332887,0
4976-LNFVV,0.8323735007562002,0.16762649924379977,0
9136-ALYBR,0.6933964742208262,0.3066035257791738,0
9364-YKUVW,0.9143101361698247,0.08568986383017534,0
1200-TUZHR,0.26567924375447594,0.7343207562455241,1
6177-PEVRA,0.9427110502683284,0.05728894973167163,0
9209-NWPGU,0.8560567826532415,0.1439432173467585,0
1095-WGNGG,0.8962162505955933,0.10378374940440667,0
7207-RMRDB,0.8340974567392319,0.16590254326076817,0
1157-BQCUW,0.22454182969082048,0.7754581703091795,1
0206-OYVOC,0.9810856777147084,0.0189143222852916,0
8593-WHYHV,0.21894045313807642,0.7810595468619236,1
1004-NOZNR,0.8789901377651367,0.12100986223486335,0
1599-MMYRQ,0.9213221692537075,0.07867783074629259,0
8601-QACRS,0.6638628982471846,0.33613710175281536,0
2085-JVGAD,0.9700400471668165,0.029959952833183513,0
7567-ECMCM,0.6344887279598928,0.36551127204010725,0
7872-BAAZR,0.9866172613462464,0.013382738653753577,0
0440-EKDCF,0.969271724905544,0.030728275094455935,0
6235-VDHOM,0.5697793145211152,0.4302206854788848,0
4583-PARNH,0.3334460366155674,0.6665539633844326,1
7471-MQPOS,0.976871417799591,0.02312858220040899,0
6103-LIANB,0.8883882682662201,0.11161173173377993,0
4534-WGCIR,0.9888124582798977,0.011187541720102306,0
4670-TABXH,0.9309772819032495,0.06902271809675053,0
0329-GTIAJ,0.19231987082834423,0.8076801291716558,1
6917-YACBP,0.8196846220913354,0.18031537790866461,0
3726-TBHQT,0.9238599999881068,0.07614000001189326,0
4378-BZYFP,0.9212846850894343,0.07871531491056569,0
0628-CNQRM,0.7900097324529045,0.20999026754709554,0
4853-RULSV,0.929215090269823,0.07078490973017708,0
6860-YRJZP,0.3054459182117235,0.6945540817882765,1
7868-BGSZA,0.8235368015254096,0.1764631984745903,0
7771-ZONAT,0.8121716769266398,0.18782832307336023,0
1728-CXQBE,0.8468159578371416,0.15318404216285839,0
6518-PPLMZ,0.9866428827608704,0.013357117239129607,0
3982-JGSFD,0.9685285040280839,0.03147149597191611,0
5195-KPUNQ,0.8587942362442356,0.1412057637557645,0
8405-IGQFX,0.9168173156742646,0.08318268432573542,0
5446-DKWYW,0.9339350994798117,0.06606490052018828,0
0516-VRYBW,0.9252035630946311,0.07479643690536884,0
8034-RYTVV,0.8878266494680435,0.11217335053195657,0
1104-TNLZA,0.4334475682588389,0.5665524317411611,1
0023-XUOPT,0.29359245326555716,0.7064075467344428,1
1750-CSKKM,0.5338853023712122,0.4661146976287877,0
5278-PNYOX,0.8251577703827161,0.17484222961728388,0
9530-EHPOH,0.5641513543566534,0.43584864564334663,0
0011-IGKFF,0.2832291415039633,0.7167708584960367,1
1761-AEZZR,0.21434070944916683,0.7856592905508332,1
2382-BCKQJ,0.8222819937487393,0.17771800625126064,0
0018-NYROU,0.2771627967730552,0.7228372032269448,1
0133-BMFZO,0.20834455330124635,0.7916554466987537,1
9244-ZVAPM,0.6323193881770166,0.36768061182298334,0
0347-UBKUZ,0.9142086318463393,0.08579136815366069,0
6384-VMJHP,0.977963476419525,0.022036523580474983,0
3795-CAWEX,0.9177519391368667,0.08224806086313328,0
3572-UOLYZ,0.8326586858642875,0.16734131413571254,0
3890-RTCMS,0.7779964819141453,0.22200351808585472,0
2808-CHTDM,0.9373238373598664,0.06267616264013366,0
7244-QWYHG,0.9545790149647595,0.04542098503524052,0
7895-VONWT,0.7388822749436872,0.26111772505631287,0
9626-VFRGG,0.7863020295147625,0.2136979704852375,0
4359-INNWN,0.921706214748459,0.07829378525154099,0
7312-XSBAT,0.45066642506410437,0.5493335749358956,1
2039-JONDJ,0.850040316661469,0.14995968333853102,0
9625-RZFUK,0.9918872713911728,0.008112728608827176,0
1568-BEKZM,0.969834727386093,0.030165272613906988,0
8840-DQLGN,0.6990359668645113,0.3009640331354887,0
7876-BEUTG,0.7705934843671463,0.22940651563285372,0
0617-FHSGK,0.8677531247641719,0.13224687523582807,0
7009-LGECI,0.6525855662129368,0.34741443378706316,0
5057-RKGLH,0.8865155490789637,0.1134844509210363,0
1915-OAKWD,0.9186907504448065,0.08130924955519349,0
1853-ARAAQ,0.8519749903008489,0.14802500969915114,0
4011-ARPHK,0.8582652725571392,0.14173472744286078,0
5306-BVTKJ,0.9425008921086845,0.05749910789131555,0
7337-CINUD,0.8824521606862976,0.11754783931370241,0
2642-DTVCO,0.27609127837839476,0.7239087216216052,1
9753-OYLBX,0.8385460692574441,0.16145393074255587,0
4891-NLUBA,0.9671927488371258,0.03280725116287422,0
7903-CMPEY,0.21270982878955114,0.7872901712104489,1
6088-BXMRG,0.5063285594068374,0.4936714405931626,0
8384-FZBJK,0.7811119146930419,0.2188880853069581,0
2038-OEQZH,0.22604439858898306,0.7739556014110169,1
1567-DSCIC,0.24404939602478304,0.755950603975217,1
5649-TJHOV,0.8787127673573147,0.12128723264268525,0
8718-PTMEZ,0.657804340118463,0.34219565988153705,0
0939-EREMR,0.7407544233672119,0.2592455766327881,0
1090-PYKCI,0.9248169937649072,0.07518300623509275,0
8040-MNRTF,0.3768081461304422,0.6231918538695578,1
9992-UJOEL,0.6299729681045929,0.37002703189540703,0
0057-QBUQH,0.9540967315825363,0.04590326841746371,0
7129-ACFOG,0.48817707076060846,0.5118229292393915,1
7627-JKIAZ,0.7726468691436094,0.2273531308563906,0
1236-WFCDV,0.47663312813786807,0.5233668718621319,1
8605-ITULD,0.8402045764912415,0.1597954235087585,0
1415-YFWLT,0.19384660394062436,0.8061533960593756,1
6942-LBFDP,0.8452187114554028,0.1547812885445971,0
4781-ZXYGU,0.8391587095836291,0.16084129041637085,0
4531-AUZNK,0.8487035810972784,0.1512964189027216,0
7534-BFESC,0.47842822375637906,0.5215717762436209,1
4827-USJHP,0.8063896737425591,0.19361032625744096,0
1135-HIORI,0.8156462727103082,0.1843537272896918,0
1098-TDVUQ,0.8407254413756973,0.15927455862430276,0
5296-PSYVW,0.9891638648352405,0.010836135164759477,0
4110-PFEUZ,0.3815327220643622,0.6184672779356378,1
7270-BDIOA,0.4090512521538292,0.5909487478461708,1
0859-YGKFW,0.9252931217689585,0.0747068782310415,0
4614-NUVZD,0.21098022549433648,0.7890197745056635,1
7816-VGHTO,0.7029680614461692,0.2970319385538308,0
4098-NAUKP,0.8846551855955243,0.11534481440447572,0
7216-EWTRS,0.17163016351376004,0.82836983648624,1
3404-JNXAX,0.772856312107559,0.22714368789244097,0
4324-AHJKS,0.6486756429292986,0.3513243570707015,0
7780-OTDSO,0.33342655692514234,0.6665734430748577,1
2840-XANRC,0.4238185401369827,0.5761814598630173,1
1971-DTCZB,0.9723567352315848,0.027643264768415134,0
4817-VYYWS,0.4765857722077643,0.5234142277922357,1
3084-DOWLE,0.9719889246368064,0.028011075363193572,0
5797-APWZC,0.19122959526675665,0.8087704047332434,1
0580-PIQHM,0.7564194589721789,0.2435805410278211,0
7075-BNDVQ,0.696730590859258,0.303269409140742,0
4785-FCIFB,0.9904701973359562,0.009529802664043832,0
1956-YIFGE,0.5469604362349871,0.45303956376501286,0
9534-NSXEM,0.9485834658489964,0.051416534151003536,0
4077-HWUYD,0.973515818969417,0.026484181030583063,0
3957-HHLMR,0.9779514091290309,0.02204859087096914,0
3334-CTHOL,0.6191289757307679,0.38087102426923214,0
8469-SNFFH,0.9736180428459207,0.026381957154079285,0
8016-ZMGMO,0.9711376520087679,0.028862347991232096,0
8152-VETUR,0.9403541435769568,0.05964585642304326,0
5019-GQVCR,0.682477210683287,0.3175227893167129,0
4054-CUMIA,0.9251139057464183,0.07488609425358175,0
3090-HAWSU,0.8828047591143156,0.11719524088568446,0
6794-HKIAJ,0.9121899446629561,0.08781005533704386,0
4079-VTGLK,0.7210408530380501,0.2789591469619499,0
1293-BSEUN,0.9947811587354556,0.005218841264544366,0
9402-ROUMJ,0.922077316531414,0.077922683468586,0
8012-SOUDQ,0.6671351677458723,0.3328648322541277,0
1535-VTJOQ,0.9402052481746334,0.05979475182536663,0
4393-GEADV,0.9194942448387569,0.08050575516124316,0
9093-FPDLG,0.27272220016495663,0.7272777998350434,1
3552-CTCYF,0.9010436314426509,0.09895636855734911,0
8963-JLGJT,0.6248926993931614,0.3751073006068386,0
2323-ARSVR,0.8381658913383951,0.16183410866160491,0
6818-WOBHJ,0.934600007807501,0.06539999219249903,0
1354-YZFNB,0.8596144400641481,0.14038555993585183,0
1465-VINDH,0.3899531323136597,0.6100468676863403,1
1089-HDMKP,0.5616025605551126,0.4383974394448874,0
1468-DEFNC,0.9918057621788788,0.008194237821121147,0
1480-BKXGA,0.9255473484984047,0.07445265150159527,0
0854-UYHZD,0.9062864189114634,0.0937135810885365,0
1428-IEDPR,0.7120995642298973,0.2879004357701027,0
7938-OUHIO,0.19071590089040436,0.8092840991095956,1
8224-IVVPA,0.847965352143083,0.15203464785691695,0
2495-INZWQ,0.5054236612443932,0.4945763387556068,0
1589-AGTLK,0.49014037175177105,0.509859628248229,1
9659-ZTWSM,0.911185421064419,0.08881457893558097,0
0324-BRPCJ,0.8624652832165703,0.13753471678342966,0
2739-CCZMB,0.8644218194239889,0.1355781805760111,0
5325-UWTWJ,0.6831814513728389,0.3168185486271611,0
7377-DMMRI,0.469550670728773,0.530449329271227,1
8648-PFRMP,0.6239126060045439,0.3760873939954561,0
6718-BDGHG,0.9187647268150834,0.0812352731849166,0
1571-SAVHK,0.42113662905879745,0.5788633709412025,1
3761-FLYZI,0.905393183366404,0.09460681663359609,0
0348-SDKOL,0.8797363462274611,0.12026365377253888,0
2302-OUZXB,0.9752601711095182,0.024739828890481774,0
2888-ADFAO,0.9815301940524874,0.018469805947512522,0
2821-WARNZ,0.9836732823373429,0.01632671766265719,0
5995-LFTLE,0.9887909512316911,0.011209048768308872,0
2672-TGEFF,0.600932314428834,0.399067685571166,0
0979-MOZQI,0.9764598982981504,0.023540101701849586,0
4226-KKDON,0.48466682659794014,0.5153331734020599,1
9522-ZSINC,0.8288518344540877,0.1711481655459123,0
8566-YPRGL,0.8402914829958,0.15970851700419997,0
7711-GQBZC,0.9942206743637274,0.00577932563627261,0
1820-TQVEV,0.23695103929473627,0.7630489607052637,1
6188-UXBBR,0.9715169835304761,0.02848301646952394,0
7115-IRDHS,0.9945087868493137,0.005491213150686332,0
5619-PTMIK,0.8853143536406234,0.11468564635937661,0
6345-ULYRW,0.8109833637175279,0.1890166362824721,0
4631-OACRM,0.35753189652894657,0.6424681034710534,1
8413-YNHNV,0.9680739119170225,0.03192608808297746,0
9190-MFJLN,0.5224334532741481,0.4775665467258519,0
1051-EQPZR,0.9790131307208578,0.020986869279142204,0
5223-UZAVK,0.9103506762160715,0.08964932378392858,0
4430-UZIPO,0.6807111600678566,0.3192888399321434,0
3719-TDVQB,0.9873687021258998,0.0126312978741002,0
1131-SUEKT,0.8993061810206272,0.10069381897937281,0
8671-KKKOS,0.8948728556945605,0.10512714430543942,0
6437-UKHMV,0.2696856448110958,0.7303143551889042,1
2205-LPVGL,0.8955339746099278,0.10446602539007224,0
9300-AGZNL,0.18451291524258995,0.81548708475741,1
9885-MFVSU,0.9054233457628961,0.09457665423710392,0
4741-WWJQZ,0.22167263540382753,0.7783273645961725,1
8020-BWHYL,0.5382795387272491,0.4617204612727509,0
4159-NAAIX,0.9092117480636582,0.09078825193634174,0
3716-UVSPD,0.45210939092358093,0.5478906090764191,1
4884-TVUQF,0.8753937174068418,0.1246062825931582,0
3884-UEBXB,0.98229479475154,0.017705205248460018,0
8485-GJCDN,0.43205962002218423,0.5679403799778158,1
1360-XFJMR,0.9128185937198718,0.08718140628012815,0
6728-WYQBC,0.8377556218692105,0.16224437813078949,0
5149-QYTTU,0.9393501493867259,0.06064985061327415,0
4049-ZPALD,0.9117150326654406,0.08828496733455933,0
8610-ZIKJJ,0.8456417409824372,0.1543582590175628,0
1658-TJVOA,0.2739874401529868,0.7260125598470132,1
0098-BOWSO,0.9085082411447382,0.09149175885526188,0
3045-XETSH,0.2611400312958275,0.7388599687041725,1
4237-CLSMM,0.8461481283019795,0.15385187169802048,0
5650-VDUDS,0.725314102431158,0.27468589756884193,0
5076-YVXCM,0.8672220759100494,0.1327779240899506,0
5392-AKEMH,0.6038330286141476,0.3961669713858525,0
3078-ZKNTS,0.9060662360469605,0.0939337639530395,0
0812-WUPTB,0.377568618555406,0.622431381444594,1
2391-SOORI,0.48988672788361265,0.5101132721163874,1
3283-WCWXT,0.862700299751529,0.13729970024847107,0
6728-CZFEI,0.753337420343416,0.24666257965658397,0
3694-GLTJM,0.8654806024626185,0.13451939753738157,0
8944-AILEF,0.9146645446854735,0.08533545531452649,0
8735-NBLWT,0.8864503967473705,0.11354960325262953,0
2344-JMOGN,0.4002530747821732,0.5997469252178268,1
6103-BOCOU,0.48891560626390973,0.5110843937360903,1
9435-JMLSX,0.9726780324633719,0.027321967536628102,0
7009-PCARS,0.9879635186841152,0.012036481315884797,0
1121-QSIVB,0.9098669310502054,0.09013306894979456,0
9971-ZWPBF,0.4991851626112944,0.5008148373887056,1
3345-JHUEO,0.7534789372532288,0.2465210627467712,0
5203-XEHAX,0.7839292665965367,0.21607073340346322,0
0723-VSOBE,0.9035842323373351,0.09641576766266487,0
2525-GVKQU,0.9904553215814523,0.009544678418547678,0
0362-ZBZWJ,0.600865189747594,0.39913481025240605,0
6360-SVNWV,0.7288034800227263,0.2711965199772736,0
1525-LNLOJ,0.973755237662769,0.026244762337231074,0
4816-LXZYW,0.4559607758252695,0.5440392241747305,1
4176-RELJR,0.9928917972337024,0.0071082027662975915,0
1658-BYGOY,0.34488945274614335,0.6551105472538566,1
5301-GAUUY,0.7213743036509579,0.2786256963490421,0
9272-LSVYH,0.4915518080509774,0.5084481919490226,1
5442-BHQNG,0.24433691029832771,0.7556630897016723,1
1136-XGEQU,0.9263023633257353,0.07369763667426465,0
6447-EGDIV,0.9594967177135278,0.04050328228647211,0
3174-RKMOW,0.5084803223488434,0.4915196776511566,0
3280-MRDOF,0.8469020180727702,0.15309798192722973,0
1670-SVOWZ,0.4792178288031995,0.5207821711968005,1
8182-BJDSI,0.4843649077837806,0.5156350922162194,1
1422-DGUBX,0.5693283847497963,0.43067161525020375,0
5651-WYIPH,0.7941965642155643,0.20580343578443575,0
8224-KDLKN,0.994483981394289,0.005516018605711099,0
7654-YWJUF,0.8114362688516874,0.18856373114831265,0
9114-AAFQH,0.8789794377880333,0.12102056221196665,0
0744-BIKKF,0.973814636287093,0.026185363712907073,0
6542-LWGXJ,0.7130993715197431,0.2869006284802569,0
4361-JEIVL,0.46786871474874003,0.53213128525126,1
8695-WDYEA,0.6151516378467374,0.38484836215326257,0
9507-EXLTT,0.3520716017426804,0.6479283982573196,1
1625-JAIIY,0.8868174740483582,0.11318252595164183,0
2018-PZKMU,0.23189191097569162,0.7681080890243084,1
9025-AOMKI,0.3682067384828803,0.6317932615171197,1
8720-RQSBJ,0.4691584562170722,0.5308415437829278,1
7599-NTMDP,0.9733933007272759,0.026606699272724025,0
9774-NRNAU,0.7949248135513031,0.20507518644869693,0
6923-EFPNL,0.6490544071133354,0.3509455928866646,0
1661-CZBAU,0.9308997695940077,0.06910023040599231,0
7696-AMHOD,0.9282481068901619,0.07175189310983805,0
4710-FDUIZ,0.8712081495408536,0.12879185045914643,0
1972-XMUWV,0.9736153557930466,0.02638464420695343,0
1904-WAJAA,0.6858766207732638,0.31412337922673617,0
1941-HOSAM,0.19223293143701625,0.8077670685629837,1
0233-FTHAV,0.9159094169024842,0.08409058309751577,0
8345-MVDYC,0.9096773222917589,0.09032267770824105,0
4808-YNLEU,0.8863915978699713,0.11360840213002868,0
3115-JPJDD,0.9097591589186651,0.09024084108133487,0
2325-ZUSFD,0.9555796723078638,0.04442032769213617,0
5339-PXDVH,0.21579401157352918,0.7842059884264708,1
5553-AOINX,0.8420417833808782,0.15795821661912182,0
9013-AQORL,0.9492852404457054,0.05071475955429459,0
5171-EPLKN,0.9514849175953324,0.0485150824046676,0
3249-VHRIP,0.9750511916022276,0.0249488083977724,0
4716-HHKQH,0.3339828905011889,0.6660171094988111,1
0440-UEDAI,0.8623673765819292,0.13763262341807078,0
3398-ZOUAA,0.4630575393725045,0.5369424606274955,1
4860-IJUDE,0.5179744395335549,0.48202556046644507,0
6946-LMSQS,0.4493624010997487,0.5506375989002513,1
5243-SAOTC,0.8884420811809375,0.11155791881906249,0
0870-VEMYL,0.6544082043304,0.3455917956696,0
4285-GYRQC,0.25331067252125505,0.746689327478745,1
9695-IDRZR,0.6432006278682604,0.3567993721317396,0
1891-UAWWU,0.3822974499919106,0.6177025500080894,1
5816-SCGFC,0.684180862585893,0.3158191374141071,0
5647-FXOTP,0.7950875940137672,0.20491240598623287,0
1096-ADRUX,0.94029623747511,0.05970376252488996,0
2462-XIIJB,0.22036810164840248,0.7796318983515975,1
6231-WFGFH,0.8581233692370224,0.14187663076297766,0
8290-YWKHZ,0.5245991608029004,0.47540083919709963,0
5512-IDZEI,0.9604242595896783,0.039575740410321796,0
0643-OKLRP,0.7362502685523777,0.2637497314476223,0
9741-YLNTD,0.385230739389435,0.614769260610565,1
7074-STDCN,0.864144339867835,0.13585566013216493,0
6229-LSCKB,0.2598019515069975,0.7401980484930025,1
5383-MMTWC,0.2687217299716236,0.7312782700283764,1
3694-DELSO,0.6869307601190671,0.313069239880933,0
7311-MQJCH,0.7643089821836521,0.23569101781634796,0
9552-TGUZV,0.4506220355524915,0.5493779644475085,1
7812-FZHPE,0.9178370788107586,0.08216292118924136,0
2150-WLKUW,0.9076808760992016,0.0923191239007984,0
6458-CYIDZ,0.24773536993862622,0.7522646300613738,1
6233-HXJMX,0.8169081487966904,0.18309185120330965,0
7609-YBPXG,0.9367991716439564,0.06320082835604358,0
1447-GIQMR,0.23788879716525246,0.7621112028347475,1
7854-EKTJL,0.7356465386016429,0.2643534613983571,0
6408-WHTEF,0.9728911308052766,0.027108869194723405,0
2851-STERV,0.7733782984416776,0.2266217015583224,0
8149-RSOUN,0.18480535051100222,0.8151946494889978,1
5701-GUXDC,0.8747646443073158,0.12523535569268424,0
9079-LWTFD,0.8098191509328654,0.19018084906713467,0
2192-OZITF,0.9179328501503574,0.08206714984964253,0
2126-GSEGL,0.9717612602773137,0.028238739722686357,0
3518-PZXZQ,0.6026638395176256,0.39733616048237436,0
4335-UPJSI,0.9440174000387481,0.05598259996125185,0
7853-OETYL,0.5553723134984074,0.44462768650159257,0
8800-ZKRFW,0.45307562308935767,0.5469243769106423,1
7138-GIRSH,0.9382504063247356,0.061749593675264475,0
1038-RQOST,0.9282555578686964,0.07174444213130354,0
7269-JISCY,0.9641335484513545,0.0358664515486455,0
7643-RCHXS,0.9840824322040433,0.015917567795956607,0
1428-GTBJJ,0.32598269891596277,0.6740173010840372,1
8035-BUYVG,0.8674118942585803,0.13258810574141966,0
5061-PBXFW,0.8712181631948704,0.12878183680512958,0
8763-KIAFH,0.951064788056533,0.048935211943467,0
0997-YTLNY,0.8045196910482946,0.19548030895170543,0
2815-CPTUL,0.42825081039915436,0.5717491896008456,1
7379-FNIUJ,0.18011502230591903,0.819884977694081,1
8212-CRQXP,0.6101683390573346,0.3898316609426654,0
6127-ISGTU,0.35270316438276117,0.6472968356172388,1
8565-WUXZU,0.9490622949006166,0.050937705099383404,0
9746-YKGXB,0.9588868934804465,0.041113106519553494,0
9799-CAYJJ,0.24685598295185662,0.7531440170481434,1
0419-YAAPX,0.8520100835480081,0.14798991645199186,0
6630-UJZMY,0.2324503496958794,0.7675496503041206,1
3365-SAIGS,0.3685901665325726,0.6314098334674274,1
5599-HVLTW,0.5093106656083664,0.4906893343916337,0
8623-TMRBY,0.7649185096340531,0.23508149036594692,0
3689-MOZGR,0.8121534991976405,0.1878465008023595,0
1469-LBJQJ,0.8415244118027463,0.15847558819725366,0
1449-XQEMT,0.8529682817583543,0.14703171824164576,0
3137-LUPIX,0.6108967869875035,0.38910321301249645,0
1215-EXRMO,0.9842498111443726,0.015750188855627373,0
9565-DJPIB,0.3565590909836205,0.6434409090163795,1
9823-EALYC,0.9756630906054101,0.024336909394589906,0
2080-GKCWQ,0.23350728404108423,0.7664927159589158,1
0513-RBGPE,0.8954391321925723,0.10456086780742763,0
9696-RMYBA,0.39734576369263996,0.60265423630736,1
3786-WOVKF,0.9333515798096645,0.06664842019033544,0
3967-VQOGC,0.9929100515695107,0.007089948430489301,0
4077-CROMM,0.47633258958830405,0.523667410411696,1
2480-JZOSN,0.8382829328723042,0.16171706712769585,0
4732-RRJZC,0.8760307347042567,0.12396926529574327,0
7672-VFMXZ,0.9288173007916977,0.0711826992083023,0
0508-SQWPL,0.9889729437646657,0.011027056235334282,0
5167-GBFRE,0.722856483468144,0.277143516531856,0
0687-ZVTHB,0.9690646616718669,0.030935338328133093,0
4229-CZMLL,0.2719316733374011,0.7280683266625989,1
8169-SAEJD,0.9792336839685395,0.020766316031460525,0
5124-EOGYE,0.9597475830608537,0.04025241693914633,0
9153-BTBVV,0.9941983106557537,0.005801689344246278,0
1716-LSAMB,0.9345829956202116,0.0654170043797884,0
8901-UPRHR,0.9314335179590768,0.06856648204092315,0
4480-MBMLB,0.6980041594343038,0.30199584056569617,0
3633-CDBUW,0.5527520675847859,0.44724793241521404,0
9621-OUPYD,0.9463462335393334,0.053653766460666504,0
9547-ITEFG,0.37642183201331103,0.623578167986689,1
5989-OMNJE,0.7043951986534548,0.2956048013465452,0
5510-BOIUJ,0.8407254413756973,0.15927455862430276,0
3523-QRQLL,0.7856812086862709,0.21431879131372913,0
5073-RZGBK,0.9298455944345572,0.07015440556544278,0
1304-NECVQ,0.22526780072796693,0.7747321992720331,1
6683-VLCTZ,0.3588955396135308,0.6411044603864692,1
0080-OROZO,0.5430125233558352,0.4569874766441649,0
6015-VVHHE,0.38792791242179114,0.6120720875782089,1
0947-IDHRQ,0.42126896660726065,0.5787310333927393,1
4291-HYEBC,0.7876785738761205,0.21232142612387947,0
5376-DEQCP,0.2345015714222034,0.7654984285777966,1
5921-NGYRH,0.9348871470296486,0.06511285297035141,0
3768-VHXQO,0.9929146078763171,0.007085392123682837,0
5260-UMPWX,0.9488354992185339,0.051164500781466116,0
0754-UKWQP,0.1885834023351527,0.8114165976648473,1
9430-FRQOC,0.36402000401347734,0.6359799959865227,1
9135-HSWOC,0.9922858529878733,0.00771414701212673,0
9467-ROOLM,0.9470973230200982,0.0529026769799018,0
6614-YOLAC,0.9806932671241999,0.019306732875800047,0
5174-RNGBH,0.6639682495182173,0.33603175048178274,0
3401-URHDA,0.9476492304025829,0.05235076959741718,0
0222-CNVPT,0.9565003911676603,0.04349960883233967,0
2580-ASVVY,0.8437544229773603,0.15624557702263972,0
6872-HXFNF,0.9727806299448913,0.02721937005510861,0
2690-DVRVK,0.7619684027757583,0.23803159722424175,0
0547-HURJB,0.9001514967244252,0.09984850327557479,0
6821-BUXUX,0.2867913416644776,0.7132086583355224,1
2235-EZAIK,0.9761652829589905,0.023834717041009472,0
4135-FRWKJ,0.9003397056386003,0.09966029436139964,0
1963-SVUCV,0.4649683917714579,0.5350316082285421,1
2000-MPKCA,0.7738805708079941,0.22611942919200584,0
3999-QGRJH,0.30662398613589426,0.6933760138641057,1
2958-NHPPS,0.8883164800964617,0.11168351990353834,0
1754-GKYPY,0.5797553973749785,0.42024460262502145,0
5327-XOKKY,0.9778375500194079,0.022162449980592136,0
6202-JVYEU,0.798193025084043,0.20180697491595706,0
6419-ZTTLE,0.8884448806793054,0.11155511932069458,0
9318-NKNFC,0.8414177861531504,0.15858221384684953,0
0468-YRPXN,0.6364626540928884,0.36353734590711156,0
0727-IWKVK,0.28961644318592406,0.710383556814076,1
0519-DRGTI,0.9317707842485706,0.06822921575142935,0
4486-EFAEB,0.8280236596950848,0.17197634030491515,0
8695-ARGXZ,0.6055350532826892,0.3944649467173108,0
0749-IRGQE,0.6151481935024682,0.3848518064975318,0
6328-ZPBGN,0.4239118480560736,0.5760881519439264,1
4667-OHGKG,0.8406387262283904,0.15936127377160955,0
1320-REHCS,0.708235006938593,0.2917649930614071,0
6651-AZVTJ,0.7060499312977107,0.2939500687022893,0
7760-OYPDY,0.22055759772805994,0.7794424022719401,1
3224-DFQNQ,0.8675404191650853,0.13245958083491477,0
4526-ZJJTM,0.6204810449321025,0.3795189550678974,0
9357-UJRUN,0.7023690224668309,0.29763097753316914,0
5269-NRGDP,0.8293467500856629,0.17065324991433703,0
6833-JMZYP,0.4778336250985247,0.5221663749014753,1
3161-ONRWK,0.9635960027891008,0.03640399721089921,0
3415-TAILE,0.582413695045604,0.4175863049543959,0
8879-ZKJOF,0.8937744463447922,0.10622555365520778,0
4514-GFCFI,0.3532946400093847,0.6467053599906153,1
1985-MBRYP,0.9779300360223565,0.022069963977643447,0
2082-OJVTK,0.49948272970863017,0.5005172702913698,1
1360-RCYRT,0.8649248156319453,0.13507518436805468,0
4589-IUAJB,0.9939565534487979,0.006043446551202157,0
9746-UGFAC,0.9375731793959554,0.06242682060404458,0
3798-EPWRR,0.4819839401282806,0.5180160598717194,1
9903-LYSAB,0.4126981505201025,0.5873018494798975,1
3521-SYVOR,0.8078148689231939,0.19218513107680618,0
0023-UYUPN,0.9673398625243944,0.03266013747560561,0
3680-CTHUH,0.8703141029574684,0.12968589704253158,0
4724-WXVWF,0.7073339138015029,0.29266608619849704,0
6304-IJFSQ,0.6429200019794583,0.3570799980205417,0
0258-NOKBL,0.20785720615736958,0.7921427938426304,1
8623-ULFNQ,0.7027565898106349,0.29724341018936506,0
7529-ZDFXI,0.8039799143341231,0.19602008566587698,0
8815-LMFLX,0.9428228043737856,0.0571771956262144,0
2636-SJDOU,0.9258831109492112,0.07411688905078884,0
3143-ILDAL,0.786005369758026,0.213994630241974,0
7159-FVYPK,0.5838981764841523,0.4161018235158477,0
6980-IMXXE,0.9939665312762349,0.006033468723765136,0
8760-ZRHKE,0.9570892928395057,0.04291070716049423,0
9220-ZNKJI,0.881823656266262,0.11817634373373796,0
5598-IKHQQ,0.994451924864256,0.005548075135743978,0
3496-LFSZU,0.2631946872740042,0.7368053127259958,1
7504-UWHNB,0.5116639087092879,0.4883360912907121,0
9392-XBGTD,0.9510346471038285,0.04896535289617153,0
8050-DVOJX,0.9253047355052837,0.07469526449471628,0
8838-GPHZP,0.9917929539291103,0.00820704607088977,0
2874-YXVVA,0.5114844743823184,0.48851552561768163,0
4176-FXYBO,0.7318297853072019,0.2681702146927981,0
6440-DKQGE,0.8544665294528134,0.14553347054718657,0
9389-ACWBI,0.4292022343590447,0.5707977656409553,1
1591-MQJTP,0.8511807716506803,0.14881922834931968,0
7037-MTYVW,0.87053335018611,0.12946664981389,0
8996-ZROXE,0.9306779043395432,0.06932209566045679,0
6814-ZPWFQ,0.9841433945962792,0.015856605403720758,0
2424-WVHPL,0.22510600134483238,0.7748939986551676,1
2474-BRUCM,0.5969349337250309,0.403065066274969,0
6625-UTXEW,0.5844770254937055,0.41552297450629455,0
0691-IFBQW,0.6437914027507321,0.35620859724926784,0
1937-OTUKY,0.9399899697604498,0.060010030239550226,0
9840-EFJQB,0.22589752997946244,0.7741024700205376,1
1816-FLZDK,0.6803079244735588,0.31969207552644124,0
6366-ZGQGL,0.692432122509202,0.307567877490798,0
1942-OQFRW,0.4691584562170722,0.5308415437829278,1
1679-JRFBR,0.9255979868682886,0.07440201313171131,0
4625-LAMOB,0.9787992305167645,0.021200769483235484,0
1088-AUUZZ,0.9499499316079741,0.0500500683920259,0
1612-EOHDH,0.46545161978822736,0.5345483802117726,1
8387-UGUSU,0.9140561710667656,0.08594382893323434,0
2754-VDLTR,0.26026653399014354,0.7397334660098565,1
9076-AXYIK,0.8331606963189464,0.16683930368105362,0
4701-LKOZD,0.9699481663714021,0.030051833628597844,0
9986-BONCE,0.857412470639571,0.14258752936042898,0
8681-ICONS,0.9555257057465756,0.044474294253424404,0
0285-INHLN,0.8511920764771006,0.14880792352289937,0
3804-RVTGV,0.826501763991455,0.17349823600854494,0
6142-VSJQO,0.6360743644761855,0.3639256355238146,0
0042-RLHYP,0.9940052346805321,0.005994765319467837,0
4374-YMUSQ,0.6429034068077775,0.3570965931922226,0
5697-GOMBF,0.7945257846884307,0.20547421531156929,0
5144-PQCDZ,0.858988225154731,0.14101177484526894,0
9589-ABEPT,0.9354430571758423,0.0645569428241577,0
7176-WIONM,0.739953877101188,0.26004612289881207,0
2307-FYNNL,0.827638376652216,0.1723616233477841,0
4664-NJCMS,0.879373207161122,0.12062679283887798,0
5338-YHWYT,0.8970645492629928,0.10293545073700719,0
5871-DGTXZ,0.9619732605150464,0.038026739484953574,0
4547-FZJWE,0.9570970887400422,0.04290291125995777,0
0186-CAERR,0.9217384165045732,0.07826158349542675,0
4632-XJMEX,0.9507049044555342,0.04929509554446572,0
0620-DLSLK,0.49159985732527167,0.5084001426747283,1
7435-ZNUYY,0.869897787358132,0.13010221264186803,0
3016-KSVCP,0.8925892124886327,0.10741078751136732,0
8644-XLFBW,0.23206972371630252,0.7679302762836975,1
4676-WLUHT,0.9617921092948533,0.038207890705146755,0
2952-QAYZF,0.23680231782265293,0.7631976821773471,1
5302-BDJNT,0.5550346890330078,0.44496531096699227,0
0856-NAOES,0.6451904303808533,0.35480956961914667,0
1352-HNSAW,0.9259478859198613,0.0740521140801387,0
9495-SKLKD,0.8036759275669771,0.19632407243302286,0
6778-JFCMK,0.8382654663052314,0.1617345336947687,0
2428-ZMCTB,0.8922739911330245,0.10772600886697548,0
9254-RBFON,0.48832017666024863,0.5116798233397514,1
9639-BUJXT,0.9918034871190361,0.008196512880963949,0
2676-OXPPQ,0.6604494828177976,0.3395505171822024,0
1093-YSWCA,0.8972975969572465,0.10270240304275345,0
1545-JFUML,0.881195200896762,0.11880479910323805,0
1767-TGTKO,0.5530896333310937,0.44691036666890627,0
2676-SSLTO,0.9378201823155787,0.06217981768442121,0
3022-BEXHZ,0.9112604385014493,0.08873956149855065,0
9820-RMCQV,0.7333687725800986,0.2666312274199015,0
1722-LDZJS,0.9865056738719339,0.01349432612806606,0
9661-ACXBS,0.610851279958933,0.38914872004106704,0
3969-GYXEL,0.3207414044910043,0.6792585955089957,1
4299-OPXEJ,0.9884865234138577,0.01151347658614228,0
5055-BRMNE,0.9158608452310066,0.08413915476899334,0
7175-NTIXE,0.7966225754578932,0.2033774245421068,0
9570-KYEUA,0.911454121129836,0.08854587887016396,0
0244-LGNFY,0.9717588550819105,0.028241144918089475,0
7779-ORAEL,0.9163585412222545,0.08364145877774554,0
5129-HHMZC,0.895293187629043,0.10470681237095704,0
0484-JPBRU,0.9738433554377155,0.026156644562284528,0
8676-TRMJS,0.38887150797104564,0.6111284920289544,1
5032-MIYKT,0.3780251916792223,0.6219748083207777,1
0668-OGMHD,0.7489058036166223,0.25109419638337765,0
9432-VOFYX,0.40777454838698834,0.5922254516130117,1
3780-DDGSE,0.7663818236032081,0.233618176396792,0
5020-ZSTTY,0.9402717210960967,0.059728278903903365,0
4452-QIIEB,0.7045112447520798,0.29548875524792023,0
9926-PJHDQ,0.9768777408449429,0.023122259155057032,0
4530-NDRKU,0.9552887584925229,0.04471124150747702,0
2114-MGINA,0.478733108480225,0.521266891519775,1
4450-YOOHP,0.9173165126619328,0.08268348733806716,0
4412-YLTKF,0.5101859676765226,0.4898140323234774,0
3043-TYBNO,0.6103684328730234,0.38963156712697655,0
8174-TBVCF,0.9679823846916259,0.032017615308374076,0
4377-VDHYI,0.5323430750751306,0.4676569249248694,0
4183-MYFRB,0.3966803466843225,0.6033196533156775,1
9717-QEBGU,0.24445647080068433,0.7555435291993157,1
6837-HAEVO,0.8611105413793068,0.13888945862069318,0
5989-PGKJB,0.3488696330196909,0.6511303669803091,1
0931-MHTEM,0.8597675151514332,0.14023248484856676,0
4919-IKATY,0.2386795731852377,0.7613204268147623,1
6847-KJLTS,0.8820459197811229,0.1179540802188771,0
7601-WFVZV,0.8402045764912415,0.1597954235087585,0
3181-VTHOE,0.9815747543799168,0.018425245620083193,0
6060-QBMGV,0.994289339848646,0.005710660151353986,0
6110-OHIHY,0.23263148881315654,0.7673685111868435,1
7338-ERIVA,0.9226525972334826,0.07734740276651737,0
9853-JFZDU,0.8079289648416689,0.19207103515833113,0
5902-WBLSE,0.9942672403168868,0.005732759683113193,0
9139-WQQDY,0.8255310859394275,0.17446891406057255,0
6013-BHCAW,0.958137455958258,0.0418625440417419,0
7538-GWHML,0.2460143560955288,0.7539856439044712,1
3995-WFCSM,0.42777627964436105,0.572223720355639,1
6719-FGEDO,0.9408605105302384,0.05913948946976151,0
8309-IEYJD,0.37832969402099026,0.6216703059790097,1
4567-AKPIA,0.7380837734043303,0.2619162265956697,0
5562-YJQGT,0.8455572107560786,0.1544427892439214,0
9778-OGKQZ,0.9719889246368064,0.028011075363193572,0
5404-GGUKR,0.4961060676820277,0.5038939323179723,1
2466-FCCPT,0.9323039269023682,0.06769607309763181,0
5469-CTCWN,0.8030322582723948,0.19696774172760528,0
1450-SKCVI,0.8274636715991023,0.17253632840089775,0
4521-WFJAI,0.987504156616672,0.012495843383327982,0
1929-ZCBHE,0.9055329258095859,0.09446707419041409,0
6754-WKSHP,0.9550954081272867,0.04490459187271333,0
4390-KYULV,0.8517461400078538,0.14825385999214627,0
7639-SUPCW,0.8273735256738668,0.17262647432613326,0
0925-VYDLG,0.24200535809591828,0.7579946419040817,1
5680-LQOGP,0.9697424498574696,0.0302575501425304,0
3062-ICYZQ,0.7418351814424842,0.2581648185575158,0
3494-JCHRQ,0.2357824307295613,0.7642175692704387,1
4801-KFYKL,0.8825193030842656,0.11748069691573433,0
2824-MYYBN,0.5807448187632918,0.4192551812367083,0
6981-TDRFT,0.8728780698994061,0.12712193010059397,0
9763-PDTKK,0.3424299204057929,0.6575700795942071,1
8218-FFJDS,0.9738970572106073,0.026102942789392722,0
3387-PLKUI,0.9071079882343389,0.09289201176566109,0
5829-NVSQN,0.7956911390399056,0.2043088609600944,0
4623-ZKHLY,0.9378756483460473,0.06212435165395273,0
5876-QMYLD,0.9410573382495158,0.05894266175048427,0
9693-XMUOB,0.9393912775345942,0.06060872246540584,0
1776-SPBWV,0.9653894367661459,0.03461056323385418,0
2480-SQIOB,0.5046144447607829,0.4953855552392171,0
8766-PAFNE,0.9749863909601378,0.02501360903986212,0
0455-ENTCR,0.9335811512540378,0.06641884874596214,0
6506-EYCNH,0.9539469401445639,0.04605305985543605,0
3027-YNWZU,0.9917423787960483,0.008257621203951678,0
4627-MIHJH,0.920046903109213,0.079953096890787,0
5146-CBVOE,0.5515136214416253,0.4484863785583747,0
5939-SXWHM,0.9812753402871988,0.01872465971280124,0
8261-GWDBQ,0.8711158074722549,0.1288841925277451,0
5760-IFJOZ,0.2934430395511691,0.7065569604488309,1
7527-QNRUS,0.9168059168962166,0.08319408310378346,0
7599-FKVXZ,0.754917134146802,0.24508286585319802,0
9492-TOKRI,0.5288209522544444,0.47117904774555563,0
9871-ELEYA,0.8735151597789721,0.12648484022102788,0
5458-CQJTA,0.9681392955325533,0.031860704467446745,0
7639-OPLNG,0.9736678872005948,0.026332112799405196,0
8980-WQFWL,0.7971583654836214,0.20284163451637863,0
4759-TRPLW,0.2349667793296376,0.7650332206703624,1
6168-YBYNP,0.7746084879243106,0.22539151207568944,0
9592-ERDKV,0.8737508125237305,0.1262491874762695,0
9866-QEVEE,0.554281954837318,0.445718045162682,0
9504-YAZWB,0.9864970523059439,0.013502947694056175,0
8608-OZTLB,0.796770420531451,0.203229579468549,0
7982-VCELR,0.7245809099009041,0.27541909009909593,0
1051-GEJLJ,0.8469890857619901,0.15301091423800992,0
9576-ANLXO,0.40576819094709426,0.5942318090529057,1
9840-DVNDC,0.4083148251313372,0.5916851748686628,1
2418-TPEUN,0.9884496228731962,0.011550377126803806,0
9938-ZREHM,0.8836153619724714,0.1163846380275286,0
6516-NKQBO,0.8768202506166178,0.12317974938338219,0
4002-BQWPQ,0.7846214853326696,0.21537851466733035,0
3696-XRIEN,0.9277476857919233,0.07225231420807661,0
5868-YWPDW,0.24875419927910092,0.7512458007208991,1
7566-DSRLQ,0.8710414658398641,0.12895853416013592,0
9959-WOFKT,0.9302484997200466,0.06975150027995335,0
2929-QNSRW,0.7776125688901322,0.22238743110986778,0
1036-GUDCL,0.9571013839170274,0.04289861608297267,0
4104-PVRPS,0.8329293728033613,0.16707062719663868,0
2267-WTPYD,0.8853440834928399,0.11465591650716013,0
2957-LOLHO,0.7508874324293916,0.24911256757060837,0
3540-RZJYU,0.3375694988139172,0.6624305011860828,1
4250-ZBWLV,0.8492961330368213,0.15070386696317872,0
2371-KFUOG,0.8837195364870337,0.11628046351296628,0
8563-IIOXK,0.5266502695089166,0.4733497304910835,0
2674-MIAHT,0.3846383402573089,0.6153616597426911,1
2904-GGUAZ,0.949529740026361,0.05047025997363892,0
3058-HJCUY,0.60677561121886,0.3932243887811399,0
9095-HFAFX,0.39455846367775604,0.605441536322244,1
5268-DSMNQ,0.9043736010853757,0.09562639891462428,0
8659-IOOPU,0.8792154555245559,0.12078454447544412,0
2967-MXRAV,0.841504157307938,0.15849584269206196,0
6556-DBKZF,0.9089574801619623,0.09104251983803767,0
7225-CBZPL,0.33538173213857125,0.6646182678614287,1
5766-ZJYBB,0.8404651811550106,0.1595348188449894,0
6693-DJWTY,0.8946567277724737,0.10534327222752628,0
8547-NSBBO,0.7091520465509114,0.29084795344908865,0
2239-JALAW,0.8781519345687261,0.12184806543127388,0
9099-FTUHS,0.7024458501852466,0.2975541498147534,0
2720-FVBQP,0.679767190041514,0.320232809958486,0
5515-IDEJJ,0.839595158366324,0.16040484163367597,0
8821-XNHVZ,0.35000669847104826,0.6499933015289517,1
3951-NJCVI,0.6416015163959674,0.3583984836040326,0
7134-MJPDY,0.9157893574331984,0.08421064256680157,0
4830-FAXFM,0.9251781245160565,0.07482187548394349,0
8519-QJGJD,0.35791384925737546,0.6420861507426245,1
7442-YGZFK,0.6195868837714422,0.3804131162285578,0
6087-MVHJH,0.3424266443842279,0.6575733556157721,1
3948-FVVRP,0.696205229845656,0.3037947701543439,0
7016-NVRIC,0.6621070278635828,0.3378929721364172,0
1548-ARAGG,0.6288954349878532,0.37110456501214684,0
7409-JURKQ,0.8334713833461742,0.16652861665382573,0
1964-SVLEA,0.9323039269023682,0.06769607309763181,0
3874-EQOEP,0.3756828318338834,0.6243171681661166,1
6877-LGWXO,0.39585988622672064,0.6041401137732794,1
9912-OMZDS,0.7861465725166425,0.21385342748335742,0
5233-GEEAX,0.6037200763472657,0.3962799236527343,0
7328-ZJAJO,0.9901036588564811,0.009896341143518877,0
7839-NUIAA,0.9381206889087018,0.06187931109129818,0
3018-TFTSU,0.47956287210443305,0.520437127895567,1
5334-JLAXU,0.8998073803737137,0.10019261962628631,0
8982-NHAVY,0.6074177223713668,0.3925822776286332,0
6960-HVYXR,0.22218328911146235,0.7778167108885377,1
0106-UGRDO,0.8431834691156679,0.1568165308843321,0
1087-GRUYI,0.9714631870348335,0.02853681296516657,0
7892-QVYKW,0.4353307352004937,0.5646692647995063,1
5614-DNZCE,0.960332016100279,0.03966798389972106,0
8981-FJGLA,0.4788467004294886,0.5211532995705114,1
5271-DBYSJ,0.4751318306824426,0.5248681693175574,1
0897-FEGMU,0.2593243307899342,0.7406756692100658,1
3663-MITLP,0.2954575849387453,0.7045424150612547,1
7305-ZWMAJ,0.9576081674267648,0.04239183257323521,0
2019-HDCZY,0.8250495926969283,0.17495040730307165,0
2858-EIMXH,0.8602015650273661,0.13979843497263392,0
3967-KXAPS,0.9718829657520671,0.02811703424793291,0
6050-FFXES,0.9245916002905248,0.07540839970947519,0
9169-BSVIN,0.6733342615724852,0.3266657384275148,0
2522-WLNSF,0.8783691471621329,0.12163085283786709,0
1156-ZFYDO,0.7252670226555842,0.2747329773444159,0
5651-CRHKQ,0.7912636891065237,0.20873631089347627,0
9658-WYUFB,0.3365372315117522,0.6634627684882478,1
1552-TKMXS,0.9766008036487738,0.023399196351226247,0
4803-AXVYP,0.5795513901872706,0.42044860981272936,0
1371-WEPDS,0.8460701889909359,0.15392981100906408,0
8640-SDGKB,0.4097919939503871,0.5902080060496129,1
5360-XGYAZ,0.9799238939237944,0.020076106076205528,0
8311-UEUAB,0.9437511877602954,0.05624881223970455,0
4735-ASGMA,0.4321975817004521,0.5678024182995479,1
